132,A922 XB,Aethra,binzeletal2019/132_20050905.csv,2005-09-05T09:01:34,2005-09-05T09:39:59,15,1800,21 30 02.3,20 23 37,1.001,2.741,3.617,15,9.1,s110361 s113276
433,A898 PA,Eros,binzeletal2019/433_20020817.csv,2002-08-17T11:57:48,2002-08-17T12:26:23,14,1050,23 37 32.7,12 40 54,1.01,0.769,1.687,12.4,21.6,-
512,A903 MC,Taurinensis,binzeletal2019/512_20041016.csv,2004-10-16T13:24:48,2004-10-16T14:06:55,14,1680,06 01 16.3,13 38 12,1.056,1.208,1.84,13.7,30,-
699,A910 LC,Hela,binzeletal2019/699_20050108.csv,2005-01-08T09:30:07,2005-01-08T09:59:43,15,1800,07 31 51.4,04 36 58,1.084,2.197,3.148,16.4,5.5,s93101 sFS13 sHYA64
719,A911 TB,Albert,binzeletal2019/719_20010823.csv,2001-08-23T13:37:44,2001-08-23T14:00:45,14,1680,01 07 14.8,27 34 38,1.012,0.292,1.192,15,45.9,-
887,A918 AA,Alinda,binzeletal2019/887_20120828.csv,2012-08-28T10:17:45,2012-08-28T10:57:11,18,2160,+22 30 27.6,-20 38 04,1.312,1.564,2.562,16.9,4.3,-
1011,A924 AC,Laodamia,binzeletal2019/1011_20020112.csv,2002-01-12T14:57:39,2002-01-12T15:34:58,15,1800,11 38 16.5,03 48 30,1.048,0.837,1.568,14.7,33.4,-
1036,A924 UB,Ganymed,binzeletal2019/1036_20111201.csv,2011-12-01T06:57:23,2011-12-01T07:08:02,16,320,+02 21 37.9,-07 11 28,1.173,0.702,1.578,10.6,24.8,s1021081 s115271 s93101 s98978 sHYA64
1131,1929 RO,Porzia,binzeletal2019/1131_20040219.csv,2004-02-19T09:31:31,2004-02-19T09:53:35,21,1890,09 43 18.6,17 22 51,1.013,1.793,2.774,16.7,3,-
1139,1929 XE,Atami,binzeletal2019/1139_20050905.csv,2005-09-05T11:43:22,2005-09-05T12:25:19,16,1920,00 59 39.4,24 26 55,1.015,0.731,1.621,14.2,25.2,s110361 s113276
1198,1931 RA,Atlantis,binzeletal2019/1198_20021028.csv,2002-10-28T11:43:49,2002-10-28T12:11:44,16,1920,02 04 58.5,17 49 20,1.104,0.659,1.651,14.8,2.9,-
1204,1931 TE,Renzia,binzeletal2019/1204_20050310.csv,2005-03-10T10:45:19,2005-03-10T11:45:53,16,1920,11 31 05.9,04 02 01,1.04,1.779,2.772,15.5,0.8,s1021081
1310,1932 DB,Villigera,binzeletal2019/1310_20060501.csv,2006-05-01T07:09:36,2006-05-01T07:48:47,16,1920,10 22 27.7,08 58 46,1.056,1.536,2.146,15.2,25.5,s1021081 s1021081 s10556 s10556
1374,1935 UA,Isora,binzeletal2019/1374_20040220.csv,2004-02-20T09:48:15,2004-02-20T10:25:50,15,1800,08 09 41.5,18 44 16,1.053,1.612,2.514,17.1,11.5,-
1468,1938 PA,Zomba,binzeletal2019/1468_20030930.csv,2003-09-30T05:32:15,2003-09-30T06:27:01,20,2400,18 57 10.1,-19 39 46,1.331,1.14,1.604,15.5,38.3,-
1508,1938 UP,Kemi,binzeletal2019/1508_20040219.csv,2004-02-19T12:52:28,2004-02-19T13:29:41,15,1800,12 02 53.4,46 27 00,1.123,0.886,1.747,14.1,22.5,-
1565,1948 WA,Lemaitre,binzeletal2019/1565_20050303.csv,2005-03-03T07:30:42,2005-03-03T08:57:26,16,1920,09 05 22.1,-14 52 56,1.283,1.921,2.791,17,11.8,s10556 s107684 sHYA64
1566,1949 MA,Icarus,binzeletal2019/1566_20050610.csv,2005-06-10T14:08:05,2005-06-10T15:10:47,15,1800,20 46 27.7,-23 19 11,1.374,0.348,1.273,16.6,36.6,-
1580,1950 KA,Betulia,binzeletal2019/1580_20020601.csv,2002-06-01T07:23:07,2002-06-01T07:59:56,15,1800,12 50 12.5,09 53 06,1.039,0.242,1.141,13.9,52.9,-
1620,1951 RA,Geographos,binzeletal2019/1620_20010129.csv,2001-01-29T10:34:37,2001-01-29T11:02:19,15,1800,08 39 04.2,41 40 00,1.078,0.431,1.39,15.4,16.7,-
1627,1929 SH,Ivar,binzeletal2019/1627_20081002.csv,2008-10-02T13:48:37,2008-10-02T14:26:05,16,1920,+04 12 54.0,+03 40 11,1.041,0.768,1.578,14.4,31,-
1640,1951 QA,Nemo,binzeletal2019/1640_20050308.csv,2005-03-08T10:28:10,2005-03-08T11:50:12,16,1920,10 42 14.5,11 02 54,1.021,2.072,3.054,17.6,3.3,s1021081 s10556 s107684
1685,1948 OA,Toro,binzeletal2019/1685_20050309.csv,2005-03-09T13:11:16,2005-03-09T13:51:44,16,1920,12 52 46.9,-27 36 11,1.563,0.799,1.69,15.9,21.7,s1021081 s10556 s107684
1862,1932 HA,Apollo,binzeletal2019/1862_20051122.csv,2005-11-22T10:27:26,2005-11-22T10:45:48,16,1920,04 55 48.8,43 41 28,1.108,0.158,1.13,13.6,23.4,s115271 s93101 s93101 sHYA64
1864,1971 FA,Daedalus,binzeletal2019/1864_20010329.csv,2001-03-29T09:48:11,2001-03-29T10:34:31,15,1800,12 04 57.5,01 09 22,1.056,0.892,1.886,16.4,4.3,-
1865,1971 UA,Cerberus,binzeletal2019/1865_20081031.csv,2008-10-31T07:10:59,2008-10-31T07:58:41,16,1920,+00 27 09.3,+06 46 02,1.057,0.46,1.412,16.9,20.2,-
1866,1972 XA,Sisyphus,binzeletal2019/1866_20061121.csv,2006-11-21T14:05:41,2006-11-21T15:20:33,16,1920,09 50 01.2,50 48 14,1.291,0.82,1.437,14.4,41.6,sHya64 sL115 sL93
1916,1953 RA,Boreas,binzeletal2019/1916_20010814.csv,2001-08-14T14:10:45,2001-08-14T14:43:27,15,1800,00 54 22.0,00 15 37,1.07,0.361,1.272,14.8,38.2,-
1917,1968 AA,Cuyo,binzeletal2019/1917_20080707.csv,2008-07-07T14:02:33,2008-07-07T14:32:18,16,1920,23 20 38.4,34 31 18,1.043,0.791,1.365,15.9,47.6,s107684 s110361 s115271
1943,1973 EC,Anteros,binzeletal2019/1943_20020112.csv,2002-01-12T12:25:31,2002-01-12T13:00:51,15,1800,07 58 44.8,00 40 48,1.154,0.499,1.459,15.9,14.4,-
1951,1949 OA,Lick,binzeletal2019/1951_20080707.csv,2008-07-07T11:00:25,2008-07-07T11:37:20,16,1920,19 18 45.2,36 52 32,1.051,0.453,1.306,14.7,42.1,s107684 s110361 s115271
1980,1950 LA,Tezcatlipoca,binzeletal2019/1980_20061025.csv,2006-10-25T14:06:36,2006-10-25T14:24:45,16,1920,07 02 53.5,53 14 06,1.227,0.382,1.171,14.1,53.9,sHYA64 sL1121333 sL115271 sL98978
1981,1973 EA,Midas,binzeletal2019/1981_20131031.csv,2013-10-31T07:17:44,2013-10-31T07:36:04,18,2160,21 07 10.4,06 21 22,1.279,0.658,1.304,16.7,48,sL113-276 sL93-101 sL98-978
2063,1977 HB,Bacchus,binzeletal2019/2063_20050519.csv,2005-05-19T09:28:26,2005-05-19T10:07:28,15,1800,14 27 54.2,-29 21 59,1.547,0.341,1.337,16.4,14.9,-
2064,1942 RQ,Thomsen,binzeletal2019/2064_20060629.csv,2006-06-29T05:59:27,2006-06-29T06:34:43,16,1920,13 55 46.2,-20 47 10,1.32,0.915,1.645,14.9,33.5,s10556 s107998
2074,1974 UA,Shoemaker,binzeletal2019/2074_20030930.csv,2003-09-30T10:51:50,2003-09-30T11:48:04,24,2880,01 20 41.3,25 19 01,1.007,0.724,1.68,15.2,15.5,-
2078,1975 AD,Nanking,binzeletal2019/2078_20100712.csv,2010-07-12T08:32:55,2010-07-12T09:13:00,16,1920,+18 37 48.4,-25 30 59,1.492,1.219,2.225,15.6,5.2,s10556 s107684 s1121333 s115271
2099,1977 VB,Opik,binzeletal2019/2099_20051008.csv,2005-10-08T12:32:00,2005-10-08T13:13:01,16,1920,02 28 28.6,34 23 03,1.055,0.537,1.47,15.8,23.3,s1121333 s113276 sFS13
2102,1975 YA,Tantalus,binzeletal2019/2102_20110704.csv,2011-07-04T06:36:26,2011-07-04T07:16:38,13,1560,+13 55 23.5,+47 38 54,1.168,0.678,1.154,17.6,61.1,-
2212,1978 SB,Hephaistos,binzeletal2019/2212_20061222.csv,2006-12-22T12:39:31,2006-12-22T13:08:38,16,1920,07 16 52.9,45 35 13,1.145,0.876,1.809,15.7,14.2,s1021081 sFS13
2335,1974 UB,James,binzeletal2019/2335_20051008.csv,2005-10-08T13:20:31,2005-10-08T13:59:32,16,1920,03 00 20.8,34 56 59,1.075,0.724,1.618,15,23.7,s1121333 s113276 sFS13
2340,1976 UA,Hathor,binzeletal2019/2340_20141022.csv,2014-10-22T14:05:15,2014-10-22T14:21:07,18,2151.8,05 29 29.7,24 02 43,1.005,0.049,1.024,15.6,52.1,sHYA64 sL113-276 sL115-271 sL93-101
2449,1978 GC,Kenos,binzeletal2019/2449_20100907.csv,2010-09-07T05:27:54,2010-09-07T05:57:21,16,1920,+18 50 59.0,+08 39 26,1.033,0.914,1.627,16.5,33.9,sHya64 sL110 sL112 sL115 sL93
3102,1981 QA,Krok,binzeletal2019/3102_20001009.csv,2000-10-09T00:00:00,2000-10-09T00:00:00,-1,-1,-,-,-1,-1,-1,-1,-1,-
3103,1982 BB,Eger,binzeletal2019/3103_20010621.csv,2001-06-21T13:46:21,2001-06-21T14:19:09,15,1800,21 10 37.9,12 25 43,1.01,0.456,1.313,15.9,41.4,-
3122,1981 ET3,Florence,binzeletal2019/3122_20040126.csv,2004-01-26T12:36:29,2004-01-26T13:31:53,15,1800,08 43 35.1,45 18 37,1.21,0.877,1.812,15.9,14.1,-
3198,1981 YH1,Wallonia,binzeletal2019/3198_20050510.csv,2005-05-10T12:48:17,2005-05-10T13:27:44,16,1920,15 23 48.8,01 19 24,1.278,1.2,2.179,15.8,8.8,s1021081 s110361
3199,1982 RA,Nefertiti,binzeletal2019/3199_20010130.csv,2001-01-30T14:07:20,2001-01-30T14:44:29,15,1800,11 52 29.9,21 29 11,1.01,0.739,1.61,16.4,24.4,-
3200,1983 TB,Phaethon,binzeletal2019/3200_20041210.csv,2004-12-10T06:56:36,2004-12-10T07:44:17,15,1800,03 09 59.9,34 23 46,1.081,0.64,1.577,15.5,17.3,-
3255,1980 RA,Tholen,binzeletal2019/3255_20020916.csv,2002-09-16T08:33:46,2002-09-16T08:52:08,15,1800,23 16 53.4,11 24 30,1.075,0.764,1.755,14.6,8.4,-
3288,1982 DV,Seleucus,binzeletal2019/3288_20110430.csv,2011-04-30T13:33:08,2011-04-30T13:51:29,16,1920,+19 26 15.2,-15 53 40,1.376,0.298,1.139,14.9,56.9,sL1021081 sL10556 sL110361
3352,1981 CW,McAuliffe,binzeletal2019/3352_20120323.csv,2012-03-23T12:55:31,2012-03-23T13:06:57,16,1920,+13 39 04.9,+06 20 42,1.066,0.432,1.404,15.6,16.2,sL105-56 sL105-56 sL107-684
3361,1982 HR,Orpheus,binzeletal2019/3361_20051008.csv,2005-10-08T09:30:18,2005-10-08T10:25:07,16,1920,00 25 42.4,01 56 13,1.051,0.28,1.277,17.3,6.6,s1121333 s113276 sFS13
3402,1981 PB,Wisdom,binzeletal2019/3402_20030930.csv,2003-09-30T13:18:29,2003-09-30T14:14:38,21,2520,02 21 13.6,18 16 57,1.045,0.964,1.886,17.2,16.7,-
3552,1983 SA,Don Quixote,binzeletal2019/3552_20091025.csv,2009-10-25T06:47:28,2009-10-25T07:15:20,16,1920,+20 18 26.7,-20 22 10,1.676,0.912,1.353,15.1,47.3,-
3554,1986 EB,Amun,binzeletal2019/3554_20110405.csv,2011-04-05T08:34:33,2011-04-05T08:53:13,16,1920,+10 11 19.2,-04 33 04,1.133,0.297,1.24,15,31.8,sL1021081 sL98978
3635,1981 WO1,Kreutz,binzeletal2019/3635_20051112.csv,2005-11-12T12:59:12,2005-11-12T14:01:14,16,1920,04 55 16.1,18 21 49,1.045,0.768,1.717,16.1,14,s98978 sFS13 sHYA64
3671,1984 KD,Dionysus,binzeletal2019/3671_20100509.csv,2010-05-09T06:12:01,2010-05-09T07:46:30,16,1920,+12 29 09.7,+27 28 08,1.077,0.529,1.364,17.2,39.1,sL1021081
3674,1963 RH,Erbisbuhl,binzeletal2019/3674_20100712.csv,2010-07-12T13:23:55,2010-07-12T14:01:06,16,1920,+21 57 48.5,-02 13 39,1.086,1.064,1.944,14.6,20.4,s10556 s107684 s1121333 s115271
3691,1982 FT,Bede,binzeletal2019/3691_20080310.csv,2008-03-10T11:23:18,2008-03-10T11:41:28,16,1920,13 14 29.9,-22 45 20,1.409,0.42,1.349,14.7,26.9,sL1021081 sL98978
3753,1986 TO,Cruithne,binzeletal2019/3753_20051008.csv,2005-10-08T15:15:25,2005-10-08T15:44:24,16,1920,06 13 18.7,-26 48 18,1.457,0.52,1.18,16.6,57.2,s1121333 s113276 sFS13
3833,1971 SC,Calingasta,binzeletal2019/3833_20100712.csv,2010-07-12T11:38:25,2010-07-12T12:13:10,16,1920,+20 31 40.6,+10 04 03,1.015,0.527,1.476,15.9,23.8,s10556 s107684 s1121333 s115271
3858,1986 TG,Dorchester,binzeletal2019/3858_20040220.csv,2004-02-20T09:06:46,2004-02-20T09:43:55,15,1800,08 06 46.6,27 34 24,1.021,1.818,2.697,17.9,11.7,-
3908,1980 PA,Nyx,binzeletal2019/3908_20040915.csv,2004-09-15T05:42:10,2004-09-15T06:45:28,15,1800,19 30 34.0,-11 58 32,1.188,0.255,1.152,16.5,49.5,-
3920,1948 WF,Aubignan,binzeletal2019/3920_20020916.csv,2002-09-16T15:23:37,2002-09-16T15:53:32,15,1800,03 23 29.8,01 09 10,1.126,0.902,1.677,15.2,30.1,-
3988,1986 LA,Huma,binzeletal2019/3988_20110606.csv,2011-06-06T12:02:54,2011-06-06T12:54:00,16,1920,+18 50 00.3,+08 26 21,1.021,0.215,1.184,16.3,34.8,s10556 s107998 s110361
4015,1979 VA,Wilson-Harrington,binzeletal2019/4015_20090622.csv,2009-06-22T08:45:49,2009-06-22T10:01:43,16,1920,+16 45 36.7,-23 09 55,1.371,0.783,1.777,17.4,10.1,-
4055,1985 DO2,Magellan,binzeletal2019/4055_20050411.csv,2005-04-11T13:01:31,2005-04-11T14:13:17,16,1920,14 42 15.4,18 49 35,1.055,0.922,1.841,16.8,17.7,s107684 sFS27
4179,1989 AC,Toutatis,binzeletal2019/4179_20040915.csv,2004-09-15T09:20:19,2004-09-15T09:59:33,15,900,21 46 51.9,-17 24 16,1.292,0.091,1.085,11.4,27.5,-
4183,1959 LM,Cuno,binzeletal2019/4183_20111024.csv,2011-10-24T11:35:11,2011-10-24T12:38:31,16,1920,+02 40 06.1,+28 25 14,1.028,1.111,2.074,16.8,9.4,sHya64 sL113-276 sL115-271 sL93-101 sL98-978 sL98-978
4197,1982 TA,Morpheus,binzeletal2019/4197_20031001.csv,2003-10-01T13:59:54,2003-10-01T14:27:57,15,1800,04 01 25.2,29 30 27,1.017,0.341,1.222,14.4,43.2,-
4451,1988 JJ,Grieve,binzeletal2019/4451_20020114.csv,2002-01-14T04:58:57,2002-01-14T05:37:23,15,1800,01 34 48.0,02 58 49,1.059,1.885,2.115,16.3,27.7,-
4486,1974 DN1,Mithra,binzeletal2019/4486_20001010.csv,2000-10-10T00:00:00,2000-10-10T00:00:00,-1,-1,-,-,-1,-1,-1,-1,-1,-
4558,1988 NF,Janesick,binzeletal2019/4558_20040614.csv,2004-06-14T08:43:09,2004-06-14T09:11:52,18,2160,15 58 54.0,-22 16 37,1.348,1.009,1.989,14.8,10.7,-
4688,1980 WF,,binzeletal2019/4688_20010129.csv,2001-01-29T08:00:46,2001-01-29T08:38:00,15,1800,05 49 35.4,-08 52 07,1.148,0.207,1.126,17.9,43.2,-
4954,1990 SQ,Eric,binzeletal2019/4954_20071002.csv,2007-10-02T05:20:16,2007-10-02T05:59:23,16,960,22 07 36.4,-09 07 10,1.443,0.293,1.245,11.6,29.6,s110 s115 sHya64 sHya64 sHya64 sL93 sSA0128764A1
4995,1984 QR,Griffin,binzeletal2019/4995_20021028.csv,2002-10-28T10:02:47,2002-10-28T10:58:43,16,1920,01 43 38.5,61 16 24,1.339,0.773,1.614,15.2,27.4,-
5011,6743 P-L,Ptah,binzeletal2019/5011_20061121.csv,2006-11-21T05:28:07,2006-11-21T06:19:53,16,1920,22 17 15.1,01 15 51,1.081,0.359,1.097,16.6,63.2,sHya64 sL115 sL93
5131,1990 BG,,binzeletal2019/5131_20100117.csv,2010-01-17T13:03:48,2010-01-17T13:22:09,16,1920,+09 59 40.9,+41 58 16,1.087,0.48,1.409,15.1,22.6,s1021081 s98978
5143,1991 VL,Heracles,binzeletal2019/5143_20061025.csv,2006-10-25T10:57:54,2006-10-25T11:37:09,16,1920,02 50 13.1,38 08 53,1.054,0.761,1.703,15.4,16.2,sHYA64 sL1121333 sL115271 sL98978
5230,1988 EF,Asahina,binzeletal2019/5230_20050905.csv,2005-09-05T09:54:18,2005-09-05T10:53:44,16,1920,22 43 12.0,11 25 04,1.012,1.523,2.5,16.6,7.3,s110361 s113276
5261,1990 MB,Eureka,binzeletal2019/5261_20050519.csv,2005-05-19T10:21:19,2005-05-19T11:01:53,15,1800,15 55 10.0,-26 14 28,1.443,0.527,1.536,16,4.5,-
5392,1986 AK,Parker,binzeletal2019/5392_20101027.csv,2010-10-27T14:21:58,2010-10-27T14:37:57,16,1920,+04 13 15.7,+17 54 08,1.168,1.319,2.23,15.8,13.2,sHya64
5407,1992 AX,,binzeletal2019/5407_20020113.csv,2002-01-13T13:44:42,2002-01-13T14:21:51,15,1800,08 59 12.1,18 53 21,1.128,0.865,1.824,15.6,10,-
5587,1990 SB,,binzeletal2019/5587_20010328.csv,2001-03-28T11:46:03,2001-03-28T12:09:06,15,1800,14 43 07.0,-07 39 09,1.16,0.551,1.488,14.4,21.9,-
5604,1992 FE,,binzeletal2019/5604_20010329.csv,2001-03-29T11:46:01,2001-03-29T12:18:23,15,1800,14 08 53.9,-32 05 00,1.626,0.307,1.259,16.4,28.2,-
5626,1991 FE,,binzeletal2019/5626_20090920.csv,2009-09-20T07:04:22,2009-09-20T07:22:42,16,1920,+20 07 31.1,-17 27 18,1.271,0.712,1.514,15.8,33.8,sL110 sL113 sL115
5645,1990 SP,,binzeletal2019/5645_20020414.csv,2002-04-14T11:56:56,2002-04-14T12:34:48,15,1800,14 20 25.1,04 58 01,1.056,0.354,1.343,16.3,14.2,-
5646,1990 TR,,binzeletal2019/5646_20120914.csv,2012-09-14T13:57:20,2012-09-14T14:54:53,17,17,04 01 0.6,19 52 3,1.022,0.454,1.236,16,50,-
5660,1974 MA,,binzeletal2019/5660_20050709.csv,2005-07-09T13:46:31,2005-07-09T15:17:16,16,1920,22 44 07.2,-06 01 04,1.112,0.464,1.349,15.9,36.9,s110361 s115271
5693,1993 EA,,binzeletal2019/5693_20070121.csv,2007-01-21T12:30:41,2007-01-21T13:30:33,16,1920,10 14 07.1,19 52 21,1,0.458,1.404,16.6,19.6,s102108 s93101 sHYA64
5786,1991 RC,Talos,binzeletal2019/5786_20010823.csv,2001-08-23T07:43:52,2001-08-23T08:26:31,15,1800,21 01 36.4,04 23 18,1.122,0.422,1.409,16.9,16.3,-
5817,1989 RZ,Robertfrazer,binzeletal2019/5817_20040922.csv,2004-09-22T11:38:43,2004-09-22T12:20:28,15,1800,01 02 02.1,32 44 47,1.031,0.836,1.75,14.6,19.7,-
5836,1993 MF,,binzeletal2019/5836_20120429.csv,2012-04-29T09:46:16,2012-04-29T10:23:19,18,2160,+14 30 44.5,-20 53 18,1.336,0.854,1.858,16.2,3.4,-
6037,1988 EG,,binzeletal2019/6037_20130808.csv,2013-08-08T13:58:16,2013-08-08T14:35:33,18,2160,+02 45 22.4,+27 49 15,1.133,0.189,1.028,18,80.6,sHD170379 sL107-998 sL110-361 sL113-276 sL113-276 sL93-101
6239,1989 QF,Minos,binzeletal2019/6239_20100907.csv,2010-09-07T10:28:21,2010-09-07T11:06:40,16,1920,+23 06 23.1,-05 43 11,1.108,0.2,1.208,15.6,0.8,sHya64 sL110 sL112 sL115 sL93
6386,1989 NK1,Keithnoll,binzeletal2019/6386_20050303.csv,2005-03-03T13:48:27,2005-03-03T15:30:27,16,1920,13 25 00.3,03 25 44,1.067,2.02,2.875,17.1,12,s10556 s107684 sHYA64
6411,1993 TA,Tamaga,binzeletal2019/6411_20040220.csv,2004-02-20T12:32:42,2004-02-20T12:51:04,15,1800,13 43 09.4,09 21 25,1.098,2.121,2.842,17.9,15.9,-
6455,1992 HE,,binzeletal2019/6455_20120421.csv,2012-04-21T05:44:48,2012-04-21T06:12:40,18,2160,+12 14 45.6,+16 26 53,1.319,0.646,1.566,15,23.3,sL102-1081 sL102-1081 sL105-56
6585,1984 SR,O'Keefe,binzeletal2019/6585_20061025.csv,2006-10-25T10:09:59,2006-10-25T10:50:36,16,1920,02 36 56.9,53 58 27,1.217,0.651,1.538,15.6,25.9,sHYA64 sL1121333 sL115271 sL98978
6611,1993 VW,,binzeletal2019/6611_20050510.csv,2005-05-10T08:13:33,2005-05-10T08:41:27,16,1920,12 59 44.5,-13 01 02,1.191,0.15,1.14,14.3,27.6,s1021081 s110361
7304,1994 AE2,Namiki,binzeletal2019/7304_20070323.csv,2007-03-23T12:51:55,2007-03-23T13:51:33,16,1920,14 31 05.6,09 53 28,1.015,0.656,1.571,14.9,22.5,s1021081 s10556 s107684 s110361 s98978
7336,1989 RS1,Saunders,binzeletal2019/7336_20100906.csv,2010-09-06T08:38:08,2010-09-06T09:33:52,16,1920,+22 02 37.7,-01 56 42,1.096,0.209,1.211,16.6,12.3,sHya64 sL110 sL113 sL115 sL93
7341,1991 VK,,binzeletal2019/7341_20111024.csv,2011-10-24T07:10:12,2011-10-24T08:06:19,16,1920,+23 30 17.3,+18 06 30,1.009,0.372,1.317,16.3,25.7,sHya64 sL113-276 sL115-271 sL93-101 sL98-978 sL98-978
7358,1995 YA3,Oze,binzeletal2019/7358_20110606.csv,2011-06-06T09:15:48,2011-06-06T09:48:13,16,1920,+16 55 09.6,-24 34 37,1.462,0.824,1.838,15.7,1.1,s10556 s107998 s110361
7482,1994 PC1,,binzeletal2019/7482_20080707.csv,2008-07-07T12:55:23,2008-07-07T13:50:47,16,1920,21 07 23.3,-13 02 20,1.202,0.556,1.524,17.4,19.5,s107684 s110361 s115271 s107684 s110361 s115271
7888,1993 UC,,binzeletal2019/7888_20130412.csv,2013-04-12T10:21:29,2013-04-12T11:05:45,15,1800,+14 13 52.6,+64 09 10,1.414,0.309,1.13,14.9,58.3,-
7889,1994 LX,,binzeletal2019/7889_20080707.csv,2008-07-07T07:32:19,2008-07-07T08:31:33,16,1920,17 17 32.5,04 46 05,1.073,0.765,1.686,16.8,21.9,s107684 s110361 s115271
8567,1996 HW1,,binzeletal2019/8567_20050904.csv,2005-09-04T05:33:00,2005-09-04T06:32:33,16,1920,17 34 51.3,-10 02 35,1.165,0.467,1.194,16.1,55.9,s110361 s113276
9400,1994 TW1,,binzeletal2019/9400_20120323.csv,2012-03-23T09:28:04,2012-03-23T10:02:59,16,1920,+12 02 53.7,+03 19 41,1.068,1.28,2.275,17.5,2.2,sL102-1081 sL105-56 sL98-978
10115,1992 SK,,binzeletal2019/10115_20061024.csv,2006-10-24T10:36:27,2006-10-24T11:14:33,17,2040,01 25 53.7,26 05 56,1.037,0.564,1.545,17.4,10.1,s93101 s98978 sHYA64
10145,1994 CK1,,binzeletal2019/10145_20111230.csv,2011-12-30T11:30:40,2011-12-30T12:08:04,19,2280,+07 09 52.8,+35 00 20,1.045,0.373,1.348,16,10.2,sL102-1081 sL93-101 sL98-978 sLHya64
11066,1992 CC1,Sigurd,binzeletal2019/11066_20100222.csv,2010-02-22T12:00:20,2010-02-22T12:36:59,17,2040,+11 06 23.7,+36 11 53,1.056,0.721,1.661,16.5,16.2,s1021081 s10556
11398,1998 YP11,,binzeletal2019/11398_20080310.csv,2008-03-10T10:53:59,2008-03-10T11:16:21,17,1530,12 38 44.6,39 26 52,1.081,0.208,1.162,14.6,32.8,sL1021081 sL98978
12711,1991 BB,Tukmit,binzeletal2019/12711_20090901.csv,2009-09-01T05:07:11,2009-09-01T06:28:08,13,1560,+15 35 17.6,+13 56 57,1.131,0.481,0.974,17,80.1,-
13553,1992 JE,Masaakikoyama,binzeletal2019/13553_20050904.csv,2005-09-04T06:39:11,2005-09-04T07:20:44,17,2040,19 37 06.0,-04 59 33,1.108,0.297,1.225,15.7,38.2,s110361 s113276
14402,1991 DB,,binzeletal2019/14402_20090302.csv,2009-03-02T10:49:26,2009-03-02T12:04:26,17,2040,+12 40 24.0,+07 06 04,1.105,0.14,1.119,15.8,23.3,sL102 sL105 sL107
15745,1991 PM5,Yuliya,binzeletal2019/15745_20090807.csv,2009-08-07T07:04:04,2009-08-07T07:56:47,17,2040,+18 36 50.9,-16 32 34,1.273,0.361,1.322,16.9,27.1,sL107 sL107b
16834,1997 WU22,,binzeletal2019/16834_20090920.csv,2009-09-20T08:11:52,2009-09-20T09:07:32,17,2040,+23 19 03.4,+38 30 17,1.122,0.69,1.594,16.9,24,sL110 sL113 sL115
16960,1998 QS52,,binzeletal2019/16960_20081002.csv,2008-10-02T10:00:16,2008-10-02T10:40:06,17,2040,+23 35 40.0,+59 18 50,1.315,0.456,1.308,14.8,39.7,-
17274,2000 LC16,,binzeletal2019/17274_20090824.csv,2009-08-24T10:30:12,2009-08-24T10:48:32,17,2040,+21 07 23.7,-02 20 56,1.139,0.198,1.2,14.4,15.5,sL110 sL113
17511,1992 QN,,binzeletal2019/17511_20131031.csv,2013-10-31T08:32:51,2013-10-31T09:08:07,18,2160,01 14 19.8,24 34 03,1.008,0.611,1.583,17.9,11.8,sL113-276 sL93-101 sL98-978
18736,1998 NU,,binzeletal2019/18736_20010130.csv,2001-01-30T14:54:37,2001-01-30T15:31:48,16,1920,13 07 12.6,-11 39 02,1.173,0.438,1.212,16.4,49.5,-
18882,1999 YN4,,binzeletal2019/18882_20101227.csv,2010-12-27T07:51:38,2010-12-27T08:52:11,13,1560,+05 11 40.7,+59 39 08,1.35,0.691,1.584,17.3,22.7,-
19127,1987 QH10,Olegefremov,binzeletal2019/19127_20031001.csv,2003-10-01T09:20:28,2003-10-01T09:58:00,22,2640,00 03 47.4,08 41 55,1.025,0.517,1.515,15.2,5.5,-
19356,1997 GH3,,binzeletal2019/19356_20010130.csv,2001-01-30T12:29:33,2001-01-30T12:57:15,16,1920,10 55 47.6,-10 29 29,1.159,0.165,1.114,14.5,35.7,-
19764,2000 NF5,,binzeletal2019/19764_20100906.csv,2010-09-06T12:38:01,2010-09-06T13:35:18,17,2040,+00 34 30.5,+07 41 06,1.042,0.511,1.48,16.2,18.4,sHya64 sL110 sL113 sL115 sL93
20790,2000 SE45,,binzeletal2019/20790_20010129.csv,2001-01-29T12:35:06,2001-01-29T13:02:47,16,1920,09 42 29.0,07 01 36,1.07,0.282,1.258,14.9,13.3,-
21088,1992 BL2,Chelyabinsk,binzeletal2019/21088_20010130.csv,2001-01-30T10:43:25,2001-01-30T11:11:18,18,2160,08 22 52.4,02 49 09,1.061,1.132,2.096,16.7,7.6,-
22753,1998 WT,,binzeletal2019/22753_20050303.csv,2005-03-03T05:21:45,2005-03-03T06:00:11,17,2040,07 45 14.9,01 07 48,1.217,0.092,1.056,14.1,44,s10556 s107684 sHYA64
22771,1999 CU3,,binzeletal2019/22771_20031016.csv,2003-10-16T07:30:54,2003-10-16T08:08:20,18,2160,23 31 48.4,38 22 34,1.07,0.264,1.214,15.7,31,-
24445,2000 PM8,,binzeletal2019/24445_20031001.csv,2003-10-01T05:36:56,2003-10-01T06:35:06,18,2160,20 00 35.9,13 12 14,1.007,0.663,1.402,16.2,41,-
24475,2000 VN2,,binzeletal2019/24475_20111227.csv,2011-12-27T05:46:47,2011-12-27T06:29:41,17,2040,+02 40 20.4,+32 56 06,1.049,0.202,1.126,14.7,41.3,sL102-1081 sL93-101
24761,1993 BW2,Ahau,binzeletal2019/24761_20100117.csv,2010-01-17T14:09:28,2010-01-17T14:37:14,17,2040,+11 02 20.5,+13 21 27,1.017,0.186,1.124,15.4,38.1,s1021081 s98978
25143,1998 SF36,Itokawa,binzeletal2019/25143_20010219.csv,2001-02-19T12:52:30,2001-02-19T13:29:40,19,2280,11 57 56.7,12 23 10,1.018,0.177,1.151,16.8,22.1,-
25330,1999 KV4,,binzeletal2019/25330_20021027.csv,2002-10-27T14:35:10,2002-10-27T15:14:35,17,2040,05 21 58.7,20 41 36,1.051,0.426,1.321,16.7,33.5,-
25916,2001 CP44,,binzeletal2019/25916_20100907.csv,2010-09-07T13:10:37,2010-09-07T13:49:13,17,2040,+03 03 34.6,-13 00 16,1.246,0.948,1.698,16,30.7,sHya64 sL110 sL112 sL115 sL93
26760,2001 KP41,,binzeletal2019/26760_20010621.csv,2001-06-21T11:20:42,2001-06-21T11:53:20,19,2280,20 00 09.6,09 43 14,1.05,0.38,1.315,15.2,32.6,-
29075,1950 DA,,binzeletal2019/29075_20010129.csv,2001-01-29T14:18:37,2001-01-29T14:55:58,17,2040,11 33 15.5,41 23 53,1.105,0.307,1.23,16.4,32.6,-
30825,1990 TG1,,binzeletal2019/30825_20050303.csv,2005-03-03T06:06:03,2005-03-03T06:44:43,17,2040,08 15 20.7,-10 49 38,1.307,0.28,1.209,13.8,34.5,s10556 s107684 sHYA64
32906,1994 RH,,binzeletal2019/32906_20111228.csv,2011-12-28T14:30:58,2011-12-28T15:09:53,17,2040,+09 53 34.1,+58 05 03,1.286,0.489,1.349,16.3,34.2,sL102-1081 sL102-1081 sL98-978
33342,1998 WT24,,binzeletal2019/33342_20011220.csv,2001-12-20T07:07:47,2001-12-20T07:30:48,19,2280,23 09 14.5,25 08 11,1.539,0.024,0.984,12.8,87.8,-
35107,1991 VH,,binzeletal2019/35107_20021227.csv,2002-12-27T13:24:36,2002-12-27T14:24:51,17,2040,09 39 25.1,-12 46 27,1.189,0.356,1.202,16.6,45,sHYA64 sL1021081 sL93101 sL98978
36017,1999 ND43,,binzeletal2019/36017_20141022.csv,2014-10-22T05:34:16,2014-10-22T06:11:14,18,2151.8,20 37 20.6,12 32 09,1.02,0.154,1.045,17.6,67.1,sHYA64 sL113-276 sL115-271 sL93-101
36284,2000 DM8,,binzeletal2019/36284_20110207.csv,2011-02-07T10:25:18,2011-02-07T11:10:01,17,2040,+10 07 37.9,+11 21 28,1.038,0.768,1.745,16,6.6,-
37336,2001 RM,,binzeletal2019/37336_20110607.csv,2011-06-07T08:37:44,2011-06-07T09:29:31,17,2040,+16 44 06.1,+23 47 55,1.065,0.768,1.64,17.3,26.7,sL10556 sL107998 sL110361
39572,1993 DQ1,,binzeletal2019/39572_20080902.csv,2008-09-02T05:44:59,2008-09-02T06:52:39,17,2040,+17 36 47.1,-10 22 59,1.172,0.223,1.084,15.7,64.8,-
52340,1992 SY,,binzeletal2019/52340_20021227.csv,2002-12-27T05:07:34,2002-12-27T06:05:43,18,2160,00 09 59.3,52 26 30,1.215,0.205,1.06,16.7,62.9,sHYA64 sL1021081 sL93101 sL98978
52760,1998 ML14,,binzeletal2019/52760_20130808.csv,2013-08-08T06:18:03,2013-08-08T06:36:22,18,2160,+16 03 51.8,-32 19 19,1.706,0.11,1.055,15.1,65.1,sHD170379 sL107-998 sL110-361 sL113-276 sL113-276 sL93-101
52762,1998 MT24,,binzeletal2019/52762_20130117.csv,2013-01-17T15:06:03,2013-01-17T15:24:23,18,2160,+11 25 25.0,+04 10 31,1.086,0.299,1.188,14.2,41.3,sHya64 sL015-56 sL102-1081 sL98-978
52768,1998 OR2,,binzeletal2019/52768_20090330.csv,2009-03-30T15:02:12,2009-03-30T15:30:01,17,2040,+18 23 13.6,-20 28 47,1.38,0.211,1.037,15.1,73.8,s1021081 s10556 s110361
53319,1999 JM8,,binzeletal2019/53319_20080510.csv,2008-05-10T11:58:16,2008-05-10T12:36:17,17,2040,19 25 55.3,23 52 04,1.227,0.373,1.165,15.4,56.8,s102-1081 s105-56 s107-684 s2008HS3
53435,1999 VM40,,binzeletal2019/53435_20061025.csv,2006-10-25T14:29:52,2006-10-25T15:08:40,17,2040,08 21 44.3,26 44 35,1.128,0.686,1.213,16.2,55,sHYA64 sL1121333 sL115271 sL98978
54690,2001 EB,,binzeletal2019/54690_20010328.csv,2001-03-28T12:24:08,2001-03-28T13:11:58,17,2040,15 29 17.7,14 01 13,1.039,0.47,1.359,17.5,33,-
54789,2001 MZ7,,binzeletal2019/54789_20100117.csv,2010-01-17T11:41:27,2010-01-17T11:55:03,18,2160,+08 11 21.7,+00 08 45,1.096,0.343,1.31,14.1,15.6,-
63164,2000 YU14,,binzeletal2019/63164_20031001.csv,2003-10-01T10:46:46,2003-10-01T11:43:10,24,2880,01 25 48.7,07 40 17,1.027,0.66,1.648,16.6,9,-
65679,1989 UQ,,binzeletal2019/65679_20101013.csv,2010-10-13T11:21:36,2010-10-13T12:22:56,17,2040,+01 51 33.4,+07 33 09,1.036,0.158,1.154,16.4,8.2,s93101 sHya64
65996,1998 MX5,,binzeletal2019/65996_20030705.csv,2003-07-05T13:30:44,2003-07-05T14:17:22,18,2160,21 08 43.6,04 18 32,1.068,0.238,1.204,17.2,34.4,-
66063,1998 RO1,,binzeletal2019/66063_20020915.csv,2002-09-15T09:32:17,2002-09-15T10:09:07,18,2160,23 41 38.4,00 39 15,1.087,0.258,1.263,16,3.6,-
66146,1998 TU3,,binzeletal2019/66146_20101014.csv,2010-10-14T10:39:13,2010-10-14T11:05:00,17,850,+01 37 05.5,-29 56 06,1.546,0.178,1.143,12.4,32.8,sL115271 sL93101 sL98978
66251,1999 GJ2,,binzeletal2019/66251_20051008.csv,2005-10-08T11:43:42,2005-10-08T12:25:11,17,2040,01 32 39.9,08 41 07,1.053,0.281,1.277,15.2,7.4,s1121333 s113276 sFS13
68216,2001 CV26,,binzeletal2019/68216_20100316.csv,2010-03-16T11:20:41,2010-03-16T12:16:18,17,2040,+13 35 17.3,+09 18 43,1.05,0.402,1.361,16.2,20.6,s1021081 s10556 s107684
68359,2001 OZ13,,binzeletal2019/68359_20080116.csv,2008-01-16T06:37:23,2008-01-16T07:51:35,17,2040,05 51 56.0,30 25 07,1.129,0.307,1.263,16.8,21.4,sL93101 sL98978
68950,2002 QF15,,binzeletal2019/68950_20060629.csv,2006-06-29T07:01:15,2006-06-29T08:03:32,17,2040,16 34 13.7,30 03 49,1.076,0.411,1.271,16.7,44,s10556 s107998
85709,1998 SG36,,binzeletal2019/85709_20060430.csv,2006-04-30T06:21:58,2006-04-30T07:02:07,17,2040,09 43 37.2,37 41 25,1.071,0.354,1.097,16.2,66.1,s1021081 s10556
85818,1998 XM4,,binzeletal2019/85818_20100509.csv,2010-05-09T14:37:10,2010-05-09T15:14:14,17,2040,+18 56 18.6,+05 58 11,1.039,0.285,1.172,14.9,49.4,sL10556 sL107684 sL110361
85989,1999 JD6,,binzeletal2019/85989_20100711.csv,2010-07-11T10:57:02,2010-07-11T12:09:31,17,2040,+19 05 53.8,+16 15 23,1.022,0.21,1.188,15.4,32.2,s10556 s110361 s113276 s115271
85990,1999 JV6,,binzeletal2019/85990_20140128.csv,2014-01-28T09:53:28,2014-01-28T10:23:26,18,2160,10 02 12.4,16 22 00,1.137,0.167,1.144,17.5,16.5,sHYA64
86039,1999 NC43,,binzeletal2019/86039_20070323.csv,2007-03-23T06:53:18,2007-03-23T07:33:51,17,2040,07 09 42.9,12 00 21,1.078,0.413,1.172,16.3,55.3,s1021081 s10556 s107684 s110361 s98978
86212,1999 TG21,,binzeletal2019/86212_20061025.csv,2006-10-25T11:44:32,2006-10-25T12:22:57,17,2040,03 00 56.3,20 08 06,1.013,0.688,1.664,15.9,10.1,sHYA64 sL1121333 sL115271 sL98978
86450,2000 CK33,,binzeletal2019/86450_20010129.csv,2001-01-29T09:45:52,2001-01-29T10:13:42,19,2280,08 16 31.4,24 27 08,1.005,0.25,1.232,16.2,7.8,-
86819,2000 GK137,,binzeletal2019/86819_20001009.csv,2000-10-09T00:00:00,2000-10-09T00:00:00,-1,-1,-,-,-1,-1,-1,-1,-1,-
87684,2000 SY2,,binzeletal2019/87684_20040915.csv,2004-09-15T13:56:29,2004-09-15T14:14:51,18,2160,03 16 06.0,-13 33 48,1.197,0.269,1.178,15.3,45,-
88188,2000 XH44,,binzeletal2019/88188_20040219.csv,2004-02-19T10:01:18,2004-02-19T11:05:02,19,1140,10 01 08.4,23 33 52,1.008,0.272,1.256,14.3,9.6,-
88254,2001 FM129,,binzeletal2019/88254_20100317.csv,2010-03-17T06:55:43,2010-03-17T07:30:43,17,2040,+06 04 13.0,+10 14 45,1.191,0.115,1.01,15.7,79.3,s1021081 s10556 s107684 s98978
88710,2001 SL9,,binzeletal2019/88710_20131004.csv,2013-10-04T09:43:33,2013-10-04T10:20:36,18,2160,00 14 13.8,21 34 16,1.001,0.336,1.323,16.6,13.8,sHya64 sL110-361 sL115-271 sL93-101 sL98-978
89355,2001 VS78,,binzeletal2019/89355_20020415.csv,2002-04-15T12:57:14,2002-04-15T13:54:37,19,2280,17 26 51.4,37 50 16,1.097,0.524,1.266,16.5,49,-
96189,1991 NT3,Pygmalion,binzeletal2019/96189_20130612.csv,2013-06-12T05:36:40,2013-06-12T06:26:25,18,2160,+12 24 22.4,-32 32 25,1.642,0.469,1.285,17,45.8,sL105-56 sL107-998
96590,1998 XB,,binzeletal2019/96590_20110106.csv,2011-01-06T08:32:49,2011-01-06T09:11:13,17,2040,+04 51 13.9,+47 14 04,1.13,0.288,1.226,15.2,28.6,-
98943,2001 CC21,,binzeletal2019/98943_20041024.csv,2004-10-24T08:55:29,2004-10-24T09:55:41,19,2280,23 55 03.4,-24 03 09,1.433,0.203,1.143,16.9,39.2,-
99799,2002 LJ3,,binzeletal2019/99799_20111230.csv,2011-12-30T12:14:32,2011-12-30T13:10:27,17,2040,+07 58 36.1,+12 24 17,1.017,0.401,1.363,17.9,16,sL102-1081 sL93-101 sL98-978 sLHya64
99907,1989 VA,,binzeletal2019/99907_20071112.csv,2007-11-12T07:26:27,2007-11-12T08:26:33,17,2040,00 00 28.6,11 33 51,1.018,0.213,1.15,16.4,37.9,sL113 sL93
99942,2004 MN4,Apophis,binzeletal2019/99942_20130117.csv,2013-01-17T10:21:39,2013-01-17T10:59:20,18,2160,+08 24 21.4,-20 19 55,1.326,0.099,1.06,15.6,38,sHya64 sL015-56 sL102-1081 sL98-978
100926,1998 MQ,,binzeletal2019/100926_20101014.csv,2010-10-14T14:45:54,2010-10-14T15:28:01,18,2160,+05 36 27.6,+49 57 39,1.16,0.212,1.096,15.5,57.4,sL115271 sL93101 sL98978
101955,1999 RQ36,Bennu,binzeletal2019/101955_20050904.csv,2005-09-04T13:27:59,2005-09-04T14:24:39,20,2400,02 00 48.0,-18 49 35,1.28,0.071,1.058,17,44.1,s93101 sHYA64
102528,1999 US3,,binzeletal2019/102528_20081002.csv,2008-10-02T08:31:41,2008-10-02T09:50:40,18,2160,+22 24 42.9,+50 52 27,1.176,1.107,1.875,16.4,25.7,-
108519,2001 LF,,binzeletal2019/108519_20030705.csv,2003-07-05T10:48:45,2003-07-05T11:35:17,17,2040,20 21 30.6,10 56 43,1.046,0.254,1.223,16.6,32,-
136923,1998 JH2,,binzeletal2019/136923_20110925.csv,2011-09-25T14:15:13,2011-09-25T15:02:06,18,2160,+04 26 11.5,+13 28 45,1.008,0.512,1.303,17,44.3,sL110-361 sL113-276 sL113-276 sL115-271 sL93-101 sL98-978
136993,1998 ST49,,binzeletal2019/136993_20051008.csv,2005-10-08T14:14:04,2005-10-08T14:47:51,20,2400,05 23 09.8,33 18 30,1.031,0.119,1.051,15.4,61.2,s1121333 s113276 sFS13
137032,1998 UO1,,binzeletal2019/137032_20081002.csv,2008-10-02T06:57:37,2008-10-02T08:16:17,18,2160,+22 13 11.4,+52 41 00,1.213,0.11,1.064,13.8,52.4,-
137062,1998 WM,,binzeletal2019/137062_20021027.csv,2002-10-27T11:34:25,2002-10-27T12:34:40,16,1920,04 07 40.9,21 05 57,1.008,0.665,1.604,17.7,18.1,-
137126,1999 CF9,,binzeletal2019/137126_20130907.csv,2013-09-07T06:11:46,2013-09-07T06:59:29,18,2160,+21 02 28.4,-18 42 14,1.527,0.18,1.165,15.8,27.3,sHD170379 sL110-361 sL113-276 sL115-271 sL93-101
137170,1999 HF1,,binzeletal2019/137170_20050411.csv,2005-04-11T15:08:49,2005-04-11T15:36:46,17,2040,17 31 04.3,53 38 07,1.214,0.401,1.134,15.1,60.9,s107684 sFS27
137199,1999 KX4,,binzeletal2019/137199_20130512.csv,2013-05-12T13:36:14,2013-05-12T14:06:52,18,2160,+18 51 40.5,+28 46 06,1.014,0.304,1.151,16.7,55.5,sL102-1081 sL105-56 sL107-684 sL107-998 sL110-361
137799,1999 YB,,binzeletal2019/137799_20111024.csv,2011-10-24T09:37:12,2011-10-24T10:30:47,18,2160,+01 35 24.6,+09 04 01,1.018,0.423,1.417,17.7,3.6,sHya64 sL113-276 sL115-271 sL93-101 sL98-978 sL98-978
138258,2000 GD2,,binzeletal2019/138258_20020315.csv,2002-03-15T13:23:07,2002-03-15T14:11:37,18,2160,13 01 52.3,21 31 05,1.076,0.073,1.06,14.7,26.2,-
138404,2000 HA24,,binzeletal2019/138404_20100906.csv,2010-09-06T06:38:36,2010-09-06T08:17:34,18,2160,+20 35 46.7,-12 19 42,1.255,0.197,1.174,17.2,30,sHya64 sL110 sL113 sL115 sL93
138524,2000 OJ8,,binzeletal2019/138524_20110925.csv,2011-09-25T11:30:59,2011-09-25T11:32:59,17,2040,+01 48 37.9,+41 10 57,1.078,0.169,1.126,14.7,40.2,-
138852,2000 WN10,,binzeletal2019/138852_20141201.csv,2014-12-01T05:40:24,2014-12-01T06:37:38,18,2151.8,02 02 20.6,16 58 05,1.151,0.211,1.166,18.4,28.7,sHYA64 sL115-271 sL93-101
139622,2001 QQ142,,binzeletal2019/139622_20070121.csv,2007-01-21T05:39:09,2007-01-21T07:05:19,18,2160,03 19 29.4,47 15 30,1.127,0.187,1.079,16.8,55.2,s102108 s93101 sHYA64
141018,2001 WC47,,binzeletal2019/141018_20120320.csv,2012-03-20T06:48:51,2012-03-20T07:07:11,18,2160,+09 40 54.3,+42 49 44,1.136,0.116,1.07,16.2,47.9,sL102-1081 sL102-1081 sL98-978
141052,2001 XR1,,binzeletal2019/141052_20090127.csv,2009-01-27T07:37:36,2009-01-27T08:31:48,18,2160,+05 36 24.3,+04 21 19,1.038,0.183,1.119,15.5,39.7,s1021081 s93101 sHYA64
142040,2002 QE15,,binzeletal2019/142040_20020915.csv,2002-09-15T05:59:48,2002-09-15T07:16:49,19,2280,18 37 49.1,56 50 49,1.264,0.494,1.169,17.1,58.8,-
143624,2003 HM16,,binzeletal2019/143624_20140901.csv,2014-09-01T05:48:22,2014-09-01T06:25:29,18,2151.8,17 00 16.7,44 59 11,1.14,0.611,1.157,17.3,60.7,sL110-361 sL113-276 sL115-271 sL93-10
143651,2003 QO104,,binzeletal2019/143651_20090330.csv,2009-03-30T08:16:35,2009-03-30T08:53:38,18,2160,+11 01 01.6,+46 23 03,1.126,0.359,1.243,15.9,40.8,s1021081 s10556 s110361
144411,2004 EW9,,binzeletal2019/144411_20040922.csv,2004-09-22T08:34:13,2004-09-22T09:31:46,18,2160,23 23 13.1,57 06 56,1.289,0.205,1.126,15.2,48.9,-
145656,4788 P-L,,binzeletal2019/145656_20070720.csv,2007-07-20T06:31:10,2007-07-20T07:34:34,18,2160,16 13 18.3,22 08 55,1.002,0.31,1.162,16.2,54.9,s110361 s9310
152931,2000 EA107,,binzeletal2019/152931_20100316.csv,2010-03-16T14:54:35,2010-03-16T15:41:17,18,2160,+16 05 49.2,+52 37 47,1.189,0.522,1.245,17,50.2,s1021081 s10556 s107684
153591,2001 SN263,,binzeletal2019/153591_20080310.csv,2008-03-10T09:54:32,2008-03-10T10:19:51,18,1620,10 08 57.7,-19 05 51,1.308,0.107,1.087,13.4,26.7,sL1021081 sL98978
153814,2001 WN5,,binzeletal2019/153814_20101012.csv,2010-10-12T05:47:02,2010-10-12T06:27:13,18,2160,+20 18 38.5,-00 30 24,1.076,0.108,1.035,15.8,67.2,-
154029,2002 CY46,,binzeletal2019/154029_20100906.csv,2010-09-06T13:50:53,2010-09-06T14:19:30,18,2160,+01 22 10.2,+33 58 02,1.071,0.173,1.122,14.6,45.5,sHya64 sL110 sL113 sL115 sL93
154276,2002 SY50,,binzeletal2019/154276_20021027.csv,2002-10-27T07:16:09,2002-10-27T07:44:09,18,2160,23 36 23.5,-10 36 30,1.163,0.108,1.075,14.5,39.7,-
154302,2002 UQ3,,binzeletal2019/154302_20111031.csv,2011-10-31T09:19:26,2011-10-31T10:12:02,18,2160,+02 37 26.4,+22 41 08,1.033,0.388,1.377,16.8,6.9,sHya64 sL112-1333 sL115-271 sL93-101 sL98-978
154347,2002 XK4,,binzeletal2019/154347_20121219.csv,2012-12-19T14:58:17,2012-12-19T15:26:13,18,2160,+12 29 25.8,+52 50 19,1.303,0.362,1.121,16.2,58.8,sL102-1081
155334,2006 DZ169,,binzeletal2019/155334_20120914.csv,2012-09-14T06:12:57,2012-09-14T06:53:34,19,190,20 56 4.9,-30 14 40,1.723,0.419,1.335,17.2,32.3,-
159402,1999 AP10,,binzeletal2019/159402_20090920.csv,2009-09-20T07:35:26,2009-09-20T08:03:20,18,2160,+22 32 03.2,-12 30 19,1.264,0.17,1.163,13.6,19.3,sL110 sL113 sL115
161998,1988 PA,,binzeletal2019/161998_20100711.csv,2010-07-11T09:27:04,2010-07-11T10:23:02,18,2160,+18 12 36.6,+06 30 01,1.029,0.308,1.286,16.7,25.7,s10556 s110361 s113276 s115271
162058,1997 AE12,,binzeletal2019/162058_20031016.csv,2003-10-16T14:45:46,2003-10-16T15:24:37,19,2280,06 07 00.1,46 40 21,1.121,0.239,1.1,17.1,58.6,-
162186,1999 OP3,,binzeletal2019/162186_20021227.csv,2002-12-27T10:53:09,2002-12-27T12:59:18,19,2280,08 03 49.2,41 07 00,1.11,1.504,2.419,18.5,10.8,sHYA64 sL1021081 sL93101 sL98978
162781,2000 XL44,,binzeletal2019/162781_20010129.csv,2001-01-29T13:28:30,2001-01-29T14:07:12,19,2280,10 55 11.6,18 38 18,1.021,0.325,1.277,16.8,22.7,-
162911,2001 LL5,,binzeletal2019/162911_20121114.csv,2012-11-14T04:37:00,2012-11-14T05:39:29,18,2160,+21 19 18.7,+19 52 14,1.009,0.226,1.039,18.5,71.1,sL113-276 sL93-101
163000,2001 SW169,,binzeletal2019/163000_20080902.csv,2008-09-02T09:15:06,2008-09-02T11:10:53,18,2160,+23 46 44.3,-11 46 09,1.387,0.201,1.204,16.9,12.8,-
163081,2002 AG29,,binzeletal2019/163081_20111024.csv,2011-10-24T10:44:53,2011-10-24T11:21:58,18,2160,+01 47 32.0,+14 05 56,1.024,0.218,1.212,15.9,2.4,sHya64 sL113-276 sL115-271 sL93-101 sL98-978 sL98-978
163249,2002 GT,,binzeletal2019/163249_20130612.csv,2013-06-12T08:47:03,2013-06-12T09:14:54,18,2160,+17 55 12.6,+33 07 46,1.163,0.139,1.098,16.3,50.7,sL105-56 sL107-998
163364,2002 OD20,,binzeletal2019/163364_20130612.csv,2013-06-12T07:29:20,2013-06-12T07:57:07,18,2160,+15 51 21.4,-20 50 20,1.415,0.126,1.134,15.5,18.9,sL105-56 sL107-998
163697,2003 EF54,,binzeletal2019/163697_20090824.csv,2009-08-24T08:54:36,2009-08-24T09:53:10,18,2160,+19 42 00.0,+21 01 10,1.036,0.072,1.059,16.2,46.4,sL110 sL113
164202,2004 EW,,binzeletal2019/164202_20050303.csv,2005-03-03T12:26:52,2005-03-03T13:24:47,18,2160,11 18 58.9,04 25 30,1.127,0.092,1.083,16.2,5.5,s10556 s107684 sHYA64
170502,2003 WM7,,binzeletal2019/170502_20111201.csv,2011-12-01T07:22:31,2011-12-01T07:59:35,18,2160,+02 54 38.6,+38 22 28,1.099,0.181,1.152,14.9,21.9,s1021081 s115271 s93101 s98978 sHYA64
175706,1996 FG3,,binzeletal2019/175706_20090330.csv,2009-03-30T11:17:03,2009-03-30T12:13:30,18,2160,+12 18 07.6,-13 00 25,1.255,0.227,1.223,16.2,8.2,s1021081 s10556 s110361
189552,2000 RL77,,binzeletal2019/189552_20041016.csv,2004-10-16T10:53:00,2004-10-16T11:55:38,19,2280,00 24 39.6,-03 33 33,1.23,0.39,1.37,16.2,14.3,-
192563,1998 WZ6,,binzeletal2019/192563_20121219.csv,2012-12-19T06:57:59,2012-12-19T07:35:01,18,2160,+04 29 02.6,+54 58 31,1.338,0.293,1.236,16.3,27,sHya64 sL93-101
200840,2001 XN254,,binzeletal2019/200840_20020414.csv,2002-04-14T06:51:14,2002-04-14T07:28:29,20,2400,08 55 26.1,-08 20 19,1.185,0.077,1.035,14.4,63.8,-
214869,2007 PA8,,binzeletal2019/214869_20121013.csv,2012-10-13T09:35:50,2012-10-13T10:03:33,18,2160,+01 11 51.1,-05 30 06,1.113,0.159,1.153,13.4,11.6,sL112-1333 sL115-271 sL115-271 sL93-101
217796,2000 TO64,,binzeletal2019/217796_20091025.csv,2009-10-25T07:54:11,2009-10-25T08:24:23,18,2160,+20 18 55.2,+52 05 29,1.617,0.238,1.072,16.3,64.9,-
217807,2000 XK44,,binzeletal2019/217807_20091025.csv,2009-10-25T11:04:17,2009-10-25T11:32:09,18,2160,+03 11 38.3,-25 47 48,1.43,0.087,1.06,14.5,38.7,-
219071,1997 US9,,binzeletal2019/219071_20111031.csv,2011-10-31T06:52:55,2011-10-31T08:36:07,18,2160,+00 09 45.1,+06 27 54,1.062,0.403,1.349,16.9,23.5,sHya64 sL112-1333 sL115-271 sL93-101 sL98-978
236716,2007 FV42,,binzeletal2019/236716_20070720.csv,2007-07-20T12:45:09,2007-07-20T13:36:44,20,2400,21 34 40.3,-38 41 46,1.958,0.162,1.162,15.4,23.8,s110361 s9310
241662,2000 KO44,,binzeletal2019/241662_20100712.csv,2010-07-12T12:33:06,2010-07-12T13:19:48,18,2160,+21 35 15.0,-18 59 16,1.281,0.274,1.261,16.4,24,s10556 s107684 s1121333 s115271
253841,2003 YG118,,binzeletal2019/253841_20110206.csv,2011-02-06T13:22:23,2011-02-06T14:06:46,18,2160,+13 17 07.9,+06 56 35,1.072,0.242,1.13,16.1,48.3,-
267494,2002 JB9,,binzeletal2019/267494_20110607.csv,2011-06-07T06:24:33,2011-06-07T07:01:44,18,2160,+14 23 39.2,-12 40 27,1.265,0.198,1.177,14.1,32.2,sL10556 sL107998 sL110361
283460,2001 PD1,,binzeletal2019/283460_20110925.csv,2011-09-25T08:06:44,2011-09-25T08:46:53,18,2160,+23 51 00.2,+32 13 44,1.126,0.25,1.223,16.9,25.6,sL110-361 sL113-276 sL113-276 sL115-271 sL93-101 sL98-978
285263,1998 QE2,,binzeletal2019/285263_20130612.csv,2013-06-12T11:32:15,2013-06-12T11:42:21,18,1080,+18 05 16.9,+14 49 54,1.012,0.082,1.08,13.4,36.6,-
297418,2000 SP43,,binzeletal2019/297418_20111023.csv,2011-10-23T04:57:04,2011-10-23T05:49:15,18,2160,+22 56 53.9,+26 53 06,1.175,0.23,1.173,17.1,35.5,sL113-276
301964,2000 EJ37,,binzeletal2019/301964_20110925.csv,2011-09-25T13:34:41,2011-09-25T14:07:08,21,2520,+03 11 33.1,+10 24 51,1.017,1.805,2.597,17.7,16.4,sL110-361 sL113-276 sL113-276 sL115-271 sL93-101 sL98-978
302311,2002 AA,,binzeletal2019/302311_20020113.csv,2002-01-13T08:39:29,2002-01-13T09:16:42,17,2040,05 31 51.7,42 06 18,1.084,0.154,1.115,16.8,29.3,-
303174,2004 FH11,,binzeletal2019/303174_20040922.csv,2004-09-22T06:28:56,2004-09-22T07:48:01,19,2280,23 04 40.1,22 52 25,1.296,0.561,1.527,17.2,17.1,-
308635,2005 YU55,,binzeletal2019/308635_20100416.csv,2010-04-16T07:21:33,2010-04-16T08:54:41,21,2520,+12 09 40.7,+03 46 44,1.131,0.029,1.03,15.4,24.1,sL1021081first sL1021081second sL107684
310442,2000 CH59,,binzeletal2019/310442_20080116.csv,2008-01-16T09:51:38,2008-01-16T11:06:57,20,2400,08 18 20.8,-02 50 07,1.131,0.174,1.144,17.4,21.3,sL93101 sL98978
312473,2008 SX245,,binzeletal2019/312473_20120323.csv,2012-03-23T13:43:26,2012-03-23T14:13:47,18,2160,+14 05 52.8,-32 02 58,1.766,0.26,1.206,17.3,32.8,sL105-56 sL105-56 sL107-684
326290,1998 HE3,Akhenaten,binzeletal2019/326290_20120429.csv,2012-04-29T12:25:44,2012-04-29T13:24:08,20,2400,+15 25 45.4,-08 26 25,1.195,0.085,1.089,17.4,14.3,-
329437,2002 OA22,,binzeletal2019/329437_20130907.csv,2013-09-07T12:26:59,2013-09-07T13:03:57,18,2160,+01 36 32.6,+16 21 39,1.006,0.117,1.095,16.5,39.6,sHD170379 sL110-361 sL113-276 sL115-271 sL93-101
345705,2006 VB14,,binzeletal2019/345705_20081203.csv,2008-12-03T13:54:14,2008-12-03T14:31:19,20,2400,+08 49 23.3,+20 17 44,1.005,0.145,1.07,16.3,51.1,-
363067,2000 CO101,,binzeletal2019/363067_20090920.csv,2009-09-20T06:00:01,2009-09-20T06:37:09,21,2520,+19 32 26.6,-10 26 28,1.159,0.047,1.025,14.7,62.2,sL110 sL113 sL115
365424,2010 KX7,,binzeletal2019/365424_20120429.csv,2012-04-29T14:23:17,2012-04-29T15:05:39,20,2400,+18 25 48.9,+21 59 51,1.001,0.053,1.027,17.9,66.2,-
399774,2005 NB7,,binzeletal2019/399774_20080413.csv,2008-04-13T06:08:33,2008-04-13T07:55:25,19,2280,07 15 19.9,29 54 21,1.147,0.048,0.998,15.5,94.5,s1021081 s107684 s110361 s98978
401857,2000 PG3,,binzeletal2019/401857_20000904.csv,2000-09-04T00:00:00,2000-09-04T00:00:00,-1,-1,-,-,-1,-1,-1,-1,-1,-
405058,2001 TX16,,binzeletal2019/405058_20020315.csv,2002-03-15T08:55:37,2002-03-15T09:32:57,19,2280,09 58 51.3,33 10 52,1.028,0.663,1.566,15.3,23.6,-
413038,2001 MF1,,binzeletal2019/413038_20010824.csv,2001-08-24T07:03:50,2001-08-24T07:46:37,18,2160,20 14 06.2,53 14 43,1.248,0.367,1.192,17,52.4,-
414586,2009 UV18,,binzeletal2019/414586_20100117.csv,2010-01-17T14:47:20,2010-01-17T15:19:43,20,2400,+13 57 29.1,+03 02 36,1.156,0.611,1.168,17.3,57.4,s1021081 s98978
440212,2004 OB,,binzeletal2019/440212_20050108.csv,2005-01-08T08:45:52,2005-01-08T09:24:05,18,2160,07 03 03.7,05 03 19,1.108,0.219,1.194,16.7,14.4,s93101 sFS13 sHYA64
448003,2008 DE,,binzeletal2019/448003_20080510.csv,2008-05-10T12:54:12,2008-05-10T13:31:04,18,2160,21 25 55.9,08 40 55,1.668,0.043,1.006,16.1,93.7,s102-1081 s105-56 s107-684 s2008HS3
451157,2009 SQ104,,binzeletal2019/451157_20130511.csv,2013-05-11T07:37:30,2013-05-11T08:51:57,22,2640,+12 52 54.9,+01 17 11,1.058,0.117,1.103,18,35.6,sL102-1081 sL105-56 sL110-361
451397,2011 EZ78,,binzeletal2019/451397_20110606.csv,2011-06-06T10:50:42,2011-06-06T11:18:35,21,2520,+17 44 26.8,+30 55 04,1.021,0.255,1.18,16.3,44.6,s10556 s107998 s110361
452561,2005 AB,,binzeletal2019/452561_20050412.csv,2005-04-12T11:37:30,2005-04-12T12:39:25,18,2160,14 35 40.2,45 11 20,1.107,0.185,1.116,15.9,48.4,s10556 sFS27
455322,2002 NX18,,binzeletal2019/455322_20021028.csv,2002-10-28T05:18:35,2002-10-28T06:21:24,18,2160,21 53 25.7,-23 14 52,1.382,0.21,1.076,16.3,61.7,-
461501,2003 FT3,,binzeletal2019/461501_20030705.csv,2003-07-05T06:40:51,2003-07-05T07:18:33,18,2160,15 35 47.6,05 17 22,1.038,0.214,1.149,17.3,47.5,-
471240,2011 BT15,,binzeletal2019/471240_20140108.csv,2014-01-08T11:54:30,2014-01-08T11:58:52,21,2520,11 29 46.8,06 18 58,1.344,0.049,1.007,17.3,60.3,sHYA64 sL102-1081 sL98-978
480883,2001 YE4,,binzeletal2019/480883_20111230.csv,2011-12-30T06:22:52,2011-12-30T07:00:07,19,2280,+01 50 11.2,+52 18 04,1.203,0.07,1.02,17,56.9,sL102-1081 sL93-101 sL98-978 sLHya64
481532,2007 LE,,binzeletal2019/481532_20120606.csv,2012-06-06T07:15:51,2012-06-06T07:34:11,18,2160,+15 26 49.3,-27 20 53,1.622,0.066,1.077,15,19.9,s1021081 s10556 s110361 s110361 s1121333 s1121333
500080,2011 WV134,,binzeletal2019/500080_20120526.csv,2012-05-26T13:21:08,2012-05-26T14:16:53,22,2640,+18 06 44.4,+12 00 53,1.057,0.213,1.178,15.6,36.1,-
503871,2000 SL,,binzeletal2019/503871_20020414.csv,2002-04-14T14:01:57,2002-04-14T14:57:58,17,2040,17 07 12.1,-05 09 32,1.105,0.18,1.119,16.4,46.3,-
506459,2002 AL14,,binzeletal2019/506459_20040125.csv,2004-01-25T08:17:17,2004-01-25T08:54:23,16,1920,05 42 14.9,-02 53 14,1.095,0.158,1.1,15.6,40.3,-
,2000 WL63,,binzeletal2019/2000WL63_20121219.csv,2012-12-19T07:43:25,2012-12-19T08:01:49,21,2520,+04 41 47.1,+35 00 34,1.096,0.184,1.16,17.4,15.8,sHya64 sL93-101
,2002 AV,,binzeletal2019/2002AV_20020113.csv,2002-01-13T10:23:07,2002-01-13T11:16:15,17,2040,06 19 24.6,14 22 32,1.056,0.071,1.051,16.2,19.1,-
,2002 NY40,,binzeletal2019/2002NY40_20020817.csv,2002-08-17T09:42:08,2002-08-17T10:00:42,19,950,20 47 05.6,07 20 59,1.027,0.012,1.023,10.6,24.4,-
,2004 QD3,,binzeletal2019/2004QD3_20050303.csv,2005-03-03T09:29:53,2005-03-03T10:32:19,19,2280,10 01 05.3,23 19 36,1.002,0.114,1.098,15.9,19.3,s10556 s107684 sHYA64
,2007 RU17,,binzeletal2019/2007RU17_20101014.csv,2010-10-14T11:14:26,2010-10-14T12:05:42,21,2520,+01 22 43.7,+12 04 23,1.045,0.249,1.246,15.9,3.4,sL115271 sL93101 sL98978
,2008 QS11,,binzeletal2019/2008QS11_20081002.csv,2008-10-02T14:34:33,2008-10-02T15:11:08,20,2400,+05 12 17.8,+19 10 30,1.001,0.028,1.011,14.5,67.2,-
