433,A898 PA,Eros,marssetetal2022/433_20190523.csv,2019-05-23T05:33:24,2019-05-23T05:41:42,15,674.17,10 24 48.7,-11 18 31,1.197,0.761,1.37,12.3,46.7,sL102-1081 sL105-56 sL105-56
433,A898 PA,Eros,marssetetal2022/433_20161028.csv,2016-10-28T05:13:00,2016-10-28T05:30:00,15,674.17,21 10 29.1,-02 08 54,1.078,1.026,1.592,13.3,37.3,sL1121333 sL115271 sL93101
433,A898 PA,Eros,marssetetal2022/433_20180815.csv,2018-08-15T14:54:53,2018-08-15T15:37:37,15,896.58,02 28 17.0,29 20 59,1.018,1.047,1.555,13.3,40.2,sHya64 sL110-361 sL115-271 sLSA93-101
433,A898 PA,Eros,marssetetal2022/433_20181107.csv,2018-11-07T13:51:30,2018-11-07T13:59:50,15,674.17,04 40 50.6,58 34 00,1.387,0.393,1.291,10.7,34.1,sHya64
1036,A924 UB,Ganymed,marssetetal2022/1036_20190522.csv,2019-05-22T07:12:25,2019-05-22T07:39:59,16,1912.71,13 05 37.5,-10 02 43,1.158,2.298,3.127,14.3,12.5,sL102-1081 sL105-56
1036,A924 UB,Ganymed,marssetetal2022/1036_20150720.csv,2015-07-20T05:24:53,2015-07-20T05:42:47,18,1618.02,14 37 10.5,03 10 13,1.046,1.685,2.091,13.2,28.7,sL105-56 sL110-361 sL113-276 sL115-271
1036,A924 UB,Ganymed,marssetetal2022/1036_20190408.csv,2019-04-08T10:15:48,2019-04-08T10:34:03,16,1912.71,13 41 04.3,-17 34 28,1.285,2.332,3.314,14.1,4,-
1620,1951 RA,Geographos,marssetetal2022/1620_20151105.csv,2015-11-05T10:32:55,2015-11-05T11:14:19,18,2151.8,02 49 54.5,49 28 20,1.153,0.658,1.58,16.7,20.5,sHYA64 sL115-271
1627,1929 SH,Ivar,marssetetal2022/1627_20180623.csv,2018-06-23T05:30:53,2018-06-23T05:49:08,16,1912.71,14 36 39.9,11 20 43,1.077,0.34,1.214,12.4,47.6,sL105-56 sL107-684 sL110-361 sL113-276 sL115-271
1627,1929 SH,Ivar,marssetetal2022/1627_20180903.csv,2018-09-03T05:20:50,2018-09-03T05:31:05,16,474.47,18 06 28.2,-30 32 20,1.572,0.31,1.156,12.3,54.7,sL107-998 sL113-276
1685,1948 OA,Toro,marssetetal2022/1685_20160415.csv,2016-04-15T05:25:49,2016-04-15T06:23:22,16,1912.71,08 35 36.3,03 02 30,1.045,0.929,1.529,16.6,39.5,sL1021081 sL10556 sL98978
1685,1948 OA,Toro,marssetetal2022/1685_20160211.csv,2016-02-11T05:36:07,2016-02-11T05:54:02,18,1618.02,05 25 44.9,-03 54 02,1.118,0.245,1.113,13.4,53.3,sHYA64 sL102-1081 sL105-56 sL98-978
1685,1948 OA,Toro,marssetetal2022/1685_20200603.csv,2020-06-03T14:55:21,2020-06-03T15:09:00,18,2151.8,21 56 26.8,-09 30 25,1.159,0.725,1.393,16,44.6,sL113-276 sL113-276 sL113-276
2059,1963 UA,Baboquivari,marssetetal2022/2059_20190926.csv,2019-09-26T07:23:32,2019-09-26T07:51:26,18,2151.8,21 01 56.3,00 43 16,1.061,0.483,1.378,16.4,32.1,shya64 sL98-978
2059,1963 UA,Baboquivari,marssetetal2022/2059_20190903.csv,2019-09-03T07:31:41,2019-09-03T08:01:30,16,1912.71,21 03 46.2,07 22 31,1.066,0.537,1.499,16.4,19.6,sL110-361 sL112-1333
2061,1960 UA,Anza,marssetetal2022/2061_20180621.csv,2018-06-21T13:05:54,2018-06-21T13:45:35,16,1912.71,21 21 33.2,-05 28 08,1.122,0.57,1.44,17.5,33.7,sL112-1333 sL113-276 sL115-271
2061,1960 UA,Anza,marssetetal2022/2061_20180815.csv,2018-08-15T12:43:26,2018-08-15T14:19:02,16,1912.71,01 11 59.1,26 15 05,1.054,0.207,1.115,15.4,55.7,sHya64 sL110-361 sL115-271 sLSA93-101
2062,1976 AA,Aten,marssetetal2022/2062_20150206.csv,2015-02-06T15:52:01,2015-02-06T16:10:14,18,2151.8,16 28 19.2,45 05 32,1.21,0.207,1.006,16.1,78.7,-
2100,1978 RA,Ra-Shalom,marssetetal2022/2100_20190926.csv,2019-09-26T09:17:42,2019-09-26T09:28:21,18,1075.9,23 25 01.3,-21 45 38,1.335,0.183,1.171,14,21.5,shya64 sL98-978
2100,1978 RA,Ra-Shalom,marssetetal2022/2100_20161003.csv,2016-10-03T12:46:20,2016-10-03T13:04:35,16,1912.71,03 06 44.8,-32 13 14,1.621,0.156,1.106,14,44.3,s115271 sHYA64 sL93101
2329,1976 WA,Orthos,marssetetal2022/2329_20170426.csv,2017-04-26T08:00:56,2017-04-26T08:38:13,18,2151.8,12 54 52.2,23 05 51,1.031,0.948,1.828,16.7,21.4,sL102-1081
2368,1977 RA,Beltrovata,marssetetal2022/2368_20171120.csv,2017-11-20T13:55:51,2017-11-20T14:52:23,18,2151.8,06 57 34.4,26 18 44,1.016,1.259,2.08,18.3,19.6,sHYA64 sL102-1081 sL113-276
3200,1983 TB,Phaethon,marssetetal2022/3200_20171111.csv,2017-11-11T12:38:11,2017-11-11T13:15:18,18,2151.8,07 05 48.4,35 15 57,1.1,0.694,1.496,16.1,33.1,sHYA64 sL113-276 sL93-101 sL98-978
3200,1983 TB,Phaethon,marssetetal2022/3200_20171120.csv,2017-11-20T13:05:32,2017-11-20T13:28:24,18,2151.8,07 04 34.0,36 24 00,1.047,0.511,1.389,15.2,31.2,sHYA64 sL102-1081 sL113-276
3200,1983 TB,Phaethon,marssetetal2022/3200_20171016.csv,2017-10-16T15:00:47,2017-10-16T15:45:07,18,2151.8,06 47 51.4,33 49 40,1.037,1.24,1.756,17.7,33.6,sHYA64 sL112-1333 sL115-271 sL93-101 sL98978
4055,1985 DO2,Magellan,marssetetal2022/4055_20201014.csv,2020-10-14T13:17:14,2020-10-14T13:45:08,18,2151.8,03 49 24.4,-24 34 53,1.421,0.625,1.483,15.9,30.6,sHyades64 sHyades64 sL113-276 sL93-101
4055,1985 DO2,Magellan,marssetetal2022/4055_20150418.csv,2015-04-18T13:48:26,2015-04-18T14:25:12,18,2151.8,18 34 48.1,14 52 02,1.067,0.951,1.537,17.1,39.4,sL105-46 sL107-998 sL110-361
4179,1989 AC,Toutatis,marssetetal2022/4179_20170306.csv,2017-03-06T06:17:44,2017-03-06T06:53:13,16,1912.71,06 44 37.2,23 12 05,1.002,0.871,1.569,17.5,35.1,s98978 sHYA64
4341,1987 KF,Poseidon,marssetetal2022/4341_20161029.csv,2016-10-29T05:23:24,2016-10-29T06:20:50,16,1912.71,22 34 56.8,-37 32 33,1.943,0.6,1.306,17.1,46.5,sL1121333 sL115271
4581,1989 FC,Asclepius,marssetetal2022/4581_20190331.csv,2019-03-31T12:53:19,2019-03-31T14:09:16,16,1912.71,16 10 03.3,-10 28 07,1.211,0.142,1.09,18.4,47.2,sLand102-1081 sLand105-56 sLand110-361
4769,1989 PB,Castalia,marssetetal2022/4769_20120828.csv,2012-08-28T05:38:50,2012-08-28T06:17:40,18,2160,+17 30 35.2,-17 58 00,1.268,0.114,1.051,14.6,66.1,-
4953,1990 MU,,marssetetal2022/4953_20200908.csv,2020-09-08T14:28:01,2020-09-08T15:23:38,18,2151.8,03 24 15.8,-17 47 31,1.261,1.256,1.93,18.2,27.8,sL112-1333 sL93-101 sLHya64
5189,1990 UQ,,marssetetal2022/5189_20171016.csv,2017-10-16T09:33:26,2017-10-16T10:00:57,18,2151.8,00 32 16.0,-20 27 49,1.313,0.173,1.147,15.5,27.5,sHYA64 sL112-1333 sL115-271 sL93-101 sL98978
5189,1990 UQ,,marssetetal2022/5189_20190321.csv,2019-03-21T10:36:19,2019-03-21T11:22:25,16,1912.71,11 50 25.9,08 39 46,1.022,0.534,1.525,17.8,5.9,sLand102-1081 sLand107-684 sLand110-361
5587,1990 SB,,marssetetal2022/5587_20161128.csv,2016-11-28T07:17:29,2016-11-28T07:54:25,16,1912.71,01 42 00.3,-03 53 16,1.094,1.616,2.411,17.7,17,s1021081 s113276 s93101
5645,1990 SP,,marssetetal2022/5645_20200821.csv,2020-08-21T14:48:48,2020-08-21T15:25:40,18,2151.8,02 27 17.6,-19 17 33,1.286,0.512,1.321,17.9,43.3,sHyades64 sL113-276 sL93-101 sL93-101
5645,1990 SP,,marssetetal2022/5645_20200928.csv,2020-09-28T13:51:38,2020-09-28T14:19:17,18,2151.8,04 57 44.2,-18 45 38,1.325,0.212,1.089,15.9,60.5,sHyades64 sL98-978 sLand113-276
5653,1992 WD5,Camarillo,marssetetal2022/5653_20161224.csv,2016-12-24T07:26:19,2016-12-24T08:03:12,16,1912.71,03 32 42.7,40 41 27,1.072,0.437,1.357,16.3,26.1,s1021081 s98978 sHYA64
5836,1993 MF,,marssetetal2022/5836_20160815.csv,2016-08-15T15:28:19,2016-08-15T15:41:56,16,1912.71,02 29 19.4,33 24 27,1.031,0.513,1.188,15.8,57.8,sL113276 sL93101 sL93101
5863,1983 RB,Tara,marssetetal2022/5863_20160415.csv,2016-04-15T06:29:39,2016-04-15T07:25:43,16,1912.71,11 41 32.3,18 10 14,1.135,0.818,1.715,17.5,21.8,sL1021081 sL10556 sL98978
5879,1992 CH1,Almeria,marssetetal2022/5879_20210208.csv,2021-02-08T13:25:18,2021-02-08T13:54:34,18,1618.02,11 49 49.5,01 13 24,1.064,0.204,1.155,15.8,31.3,sL102-1081 sL105-56 sL107-684 sL98-978
6053,1993 BW3,,marssetetal2022/6053_20170728.csv,2017-07-28T13:43:17,2017-07-28T14:01:32,16,1912.71,23 22 19.3,-04 09 19,1.1,0.432,1.359,15,31.5,sL113276 sL115271 sL93101
6569,1993 MO,Ondaatje,marssetetal2022/6569_20180623.csv,2018-06-23T14:19:24,2018-06-23T15:03:09,16,1912.71,23 27 37.7,-09 58 16,1.238,0.582,1.281,17.6,50.6,sL105-56 sL107-684 sL110-361 sL113-276 sL115-271
7088,1992 AA,Ishtar,marssetetal2022/7088_20160929.csv,2016-09-29T09:28:22,2016-09-29T10:09:53,16,1912.71,00 53 16.6,-15 52 56,1.303,0.716,1.692,17.9,11.6,sL110361 sL115271 sL93101
7341,1991 VK,,marssetetal2022/7341_20161128.csv,2016-11-28T05:51:16,2016-11-28T06:28:38,16,1912.71,22 40 12.6,12 05 36,1.066,0.276,1.068,16.4,65.6,s1021081 s113276 s93101
7341,1991 VK,,marssetetal2022/7341_20161028.csv,2016-10-28T06:40:30,2016-10-28T07:36:04,16,1912.71,23 19 40.2,17 19 37,1.011,0.357,1.283,16.3,30.8,sL1121333 sL115271 sL93101
7822,1991 CS,,marssetetal2022/7822_20160315.csv,2016-03-15T06:22:46,2016-03-15T06:57:35,16,1912.71,08 57 45.6,42 42 05,1.142,0.297,1.192,16.8,42.8,s98978 sHYA64 sL1020181
7822,1991 CS,,marssetetal2022/7822_20150912.csv,2015-09-12T06:06:21,2015-09-12T06:32:57,12,717.27,17 12 53.2,-33 06 54,1.965,0.177,1.025,16.5,79,-
8014,1990 MF,,marssetetal2022/8014_20200527.csv,2020-05-27T09:35:19,2020-05-27T10:30:48,18,2151.8,15 53 13.8,-15 05 00,1.225,0.269,1.28,16.9,6.7,sL102-1081 sL105-56 sL107-684
8037,1993 HO1,,marssetetal2022/8037_20171111.csv,2017-11-11T09:54:36,2017-11-11T10:29:07,18,2151.8,01 57 46.2,17 52 08,1.029,0.606,1.581,17,10.1,sHYA64 sL113-276 sL93-101 sL98-978
8037,1993 HO1,,marssetetal2022/8037_20171016.csv,2017-10-16T10:34:17,2017-10-16T11:30:46,18,2151.8,02 35 54.5,17 25 52,1.018,0.754,1.727,17.7,11,sHYA64 sL112-1333 sL115-271 sL93-101 sL98978
8566,1996 EN,,marssetetal2022/8566_20200228.csv,2020-02-28T09:28:00,2020-02-28T10:19:49,18,2151.8,09 52 11.8,-02 45 23,1.087,0.805,1.777,17.7,9.2,sL102-1081 sL98-978 sLHya64
9400,1994 TW1,,marssetetal2022/9400_20160211.csv,2016-02-11T13:30:52,2016-02-11T14:07:42,18,2151.8,13 00 19.4,56 14 03,1.246,0.727,1.511,16.5,33.2,sHYA64 sL102-1081 sL105-56 sL98-978
10115,1992 SK,,marssetetal2022/10115_20200127.csv,2020-01-27T15:19:46,2020-01-27T16:06:04,18,2151.8,14 41 02.3,05 18 44,1.095,0.52,1.12,18.1,61.5,sL102-1081 sL102-1081 sL98-978
10636,1998 QK56,,marssetetal2022/10636_20160929.csv,2016-09-29T07:20:05,2016-09-29T08:01:37,17,2032.26,23 13 06.8,-09 23 56,1.276,0.546,1.524,18.1,13.7,sL110361 sL115271 sL93101
11398,1998 YP11,,marssetetal2022/11398_20170523.csv,2017-05-23T06:53:32,2017-05-23T07:11:47,17,2032.26,14 08 02.2,65 19 47,1.49,0.299,1.063,16.3,72.2,sL1021081
11405,1999 CV3,,marssetetal2022/11405_20200127.csv,2020-01-27T07:25:13,2020-01-27T08:15:59,18,2151.8,05 40 24.2,-02 52 15,1.086,0.84,1.667,17.1,26.1,sL102-1081 sL102-1081 sL98-978
11500,1989 UR,Tomaiyowit,marssetetal2022/11500_20071112.csv,2007-11-12T13:54:07,2007-11-12T14:31:28,17,2040,06 50 15.5,22 35 29,1.002,0.12,1.068,15.6,46.8,sL113 sL93
13353,1992 JE,Masaakikoyama,marssetetal2022/13553_20180813.csv,2018-08-13T12:40:51,2018-08-13T13:08:34,17,2032.26,22 02 09.7,16 33 01,1.004,0.21,1.196,14.6,26.8,sL113-276
13353,1992 JE,Masaakikoyama,marssetetal2022/13553_20180815.csv,2018-08-15T11:06:34,2018-08-15T11:37:56,17,2032.26,22 06 26.2,15 55 10,1.006,0.212,1.2,14.6,25.6,sHya64 sL110-361 sL115-271 sLSA93-101
15745,1991 PM5,Yuliya,marssetetal2022/15745_20180520.csv,2018-05-20T11:30:03,2018-05-20T12:17:09,17,2032.26,17 01 50.6,26 02 41,1.006,0.418,1.322,17.5,35.5,sL102-1081 sL105-56 sL107-684 sL110-361
15817,1994 QC,Lucianotesi,marssetetal2022/15817_20200921.csv,2020-09-21T13:24:30,2020-09-21T14:30:53,18,2151.8,02 26 12.0,-06 29 34,1.131,0.428,1.367,18.4,27,sHya64 sL113-276 sL113-276 sL93-101
17182,1999 VU,,marssetetal2022/17182_20171120.csv,2017-11-20T08:00:07,2017-11-20T08:46:21,18,2151.8,02 03 39.8,45 50 04,1.12,0.42,1.359,16.9,23.4,sHYA64 sL102-1081 sL113-276
17274,2000 LC16,,marssetetal2022/17274_20180903.csv,2018-09-03T08:30:54,2018-09-03T08:58:41,17,2032.26,20 45 20.5,-03 39 33,1.091,0.246,1.227,15.2,24.9,sL107-998 sL113-276
17274,2000 LC16,,marssetetal2022/17274_20180815.csv,2018-08-15T08:15:57,2018-08-15T08:46:41,17,2032.26,20 02 18.2,-13 55 15,1.216,0.23,1.227,14.9,19,sHya64 sL110-361 sL115-271 sLSA93-101
17511,1992 QN,,marssetetal2022/17511_20180903.csv,2018-09-03T11:43:53,2018-09-03T12:11:44,17,2032.26,23 20 26.1,-12 11 13,1.209,0.455,1.46,16.9,6.3,sL107-998 sL113-276
17511,1992 QN,,marssetetal2022/17511_20171120.csv,2017-11-20T10:50:50,2017-11-20T11:56:08,18,2151.8,03 35 29.3,47 16 34,1.147,0.465,1.417,17.4,18.8,sHYA64 sL102-1081 sL113-276
21374,1997 WS22,,marssetetal2022/21374_20171120.csv,2017-11-20T08:52:55,2017-11-20T09:42:52,18,2151.8,02 55 01.8,08 23 35,1.027,0.431,1.407,17,11.3,sHYA64 sL102-1081 sL113-276
31345,1998 PG,,marssetetal2022/31345_20180903.csv,2018-09-03T07:47:42,2018-09-03T08:25:18,17,2032.26,20 42 55.7,04 46 10,1.043,0.375,1.338,17,24.6,sL107-998 sL113-276
33342,1998 WT24,,marssetetal2022/33342_20151212.csv,2015-12-12T09:02:48,2015-12-12T09:13:05,18,1075.9,03 22 24.9,04 25 39,1.053,0.028,1.008,11.5,32.1,sHYA64 sL102-1081 sL115-271 sL98-978
33342,1998 WT24,,marssetetal2022/33342_20151203.csv,2015-12-03T13:34:53,2015-12-03T14:19:11,18,2151.8,07 29 04.0,-04 42 40,1.11,0.049,1.018,13.2,47.9,sL102-1081 sL115-271 sL98-978
34613,2000 UR13,,marssetetal2022/34613_20200128.csv,2020-01-28T11:46:21,2020-01-28T12:23:10,18,2151.8,08 31 31.7,20 45 37,1.057,1.123,2.107,18.1,1.5,sL102-1081 sL102-1081 sL105-56
35396,1997 XF11,,marssetetal2022/35396_20160414.csv,2016-04-14T08:25:48,2016-04-14T08:53:43,17,2032.26,13 16 51.7,-11 01 01,1.302,0.358,1.36,15.6,2.8,s1021081 s10556 s98978
40329,1999 ML,,marssetetal2022/40329_20160929.csv,2016-09-29T05:58:01,2016-09-29T06:53:31,17,2032.26,21 22 08.1,-10 00 35,1.217,0.382,1.294,17.5,34.3,sL110361 sL115271 sL93101
52768,1998 OR2,,marssetetal2022/52768_20200228.csv,2020-02-28T08:44:30,2020-02-28T09:02:58,18,2151.8,07 57 24.4,43 23 01,1.113,0.268,1.18,14.9,40.2,sL102-1081 sL98-978 sLHya64
53319,1999 JM8,,marssetetal2022/53319_20171016.csv,2017-10-16T12:29:02,2017-10-16T13:25:14,18,2151.8,04 25 18.8,-04 19 17,1.111,1.027,1.857,17.7,23,sHYA64 sL112-1333 sL115-271 sL93-101 sL98978
53426,1999 SL5,,marssetetal2022/53426_20150911.csv,2015-09-11T06:17:25,2015-09-11T06:54:47,17,2032.26,18 57 53.8,68 40 59,1.521,0.411,1.117,17.8,64,-
53435,1999 VM40,,marssetetal2022/53435_20200926.csv,2020-09-26T14:46:40,2020-09-26T15:09:37,18,2151.8,05 23 01.0,07 19 38,1.036,0.508,1.22,15.5,53.3,sHyades64 sLand113-276
53435,1999 VM40,,marssetetal2022/53435_20200908.csv,2020-09-08T15:28:06,2020-09-08T15:37:06,18,2151.8,04 21 51.0,-00 19 33,1.065,0.597,1.271,15.9,50.9,sL112-1333 sL93-101 sLHya64
53435,1999 VM40,,marssetetal2022/53435_20200928.csv,2020-09-28T14:24:22,2020-09-28T14:56:42,18,2151.8,05 29 54.9,08 19 46,1.051,0.5,1.216,15.5,53.5,sHyades64 sL98-978 sLand113-276
65690,1991 DG,,marssetetal2022/65690_20200227.csv,2020-02-27T10:23:54,2020-02-27T11:00:47,18,2151.8,10 01 48.0,-12 15 16,1.189,0.233,1.209,17.2,18.5,sL102-1081 sL105-56 sL107-684
65717,1993 BX3,,marssetetal2022/65717_20201119.csv,2020-11-19T07:42:37,2020-11-19T08:24:43,18,2151.8,02 29 27.8,-08 45 15,1.204,0.121,1.091,17.6,29.6,sL115-271 sL93101 sL93101
66272,1999 JW6,,marssetetal2022/66272_20201107.csv,2020-11-07T11:46:36,2020-11-07T12:23:47,18,2151.8,05 52 30.4,02 11 35,1.116,0.565,1.437,18,30.2,sL113-276 sL93-101 sL98-978 sL98-978
66391,1999 KW4,,marssetetal2022/66391_20180623.csv,2018-06-23T05:53:48,2018-06-23T06:30:43,17,2032.26,13 31 11.2,34 46 25,1.035,0.31,1.076,16.7,70.6,sL105-56 sL107-684 sL110-361 sL113-276 sL115-271
67367,2000 LY27,,marssetetal2022/67367_20180623.csv,2018-06-23T07:53:37,2018-06-23T08:23:28,17,2032.26,16 18 23.6,-22 19 27,1.376,0.603,1.584,17.8,15.7,sL107-684 sL110-361 sL113-276 sL115-271
68278,2001 FC7,,marssetetal2022/68278_20031016.csv,2003-10-16T08:29:13,2003-10-16T09:06:32,23,2760,23 46 58.6,-12 09 02,1.179,0.347,1.305,17.8,23.7,-
68346,2001 KZ66,,marssetetal2022/68346_20160709.csv,2016-07-09T05:44:28,2016-07-09T06:22:14,17,2032.26,16 26 02.0,41 53 49,1.186,0.329,1.147,16.8,59,sL107998 sL107998
68347,2001 KB67,,marssetetal2022/68347_20180623.csv,2018-06-23T08:28:16,2018-06-23T09:23:52,17,2032.26,16 10 30.5,19 45 55,1,0.198,1.15,18.4,43.9,sL105-56 sL107-684 sL110-361 sL113-276 sL115-271
69230,1937 UB,Hermes,marssetetal2022/69230_20200921.csv,2020-09-21T10:14:46,2020-09-21T10:54:04,18,2151.8,00 54 00.4,-03 41 31,1.128,0.562,1.553,17.8,9.7,sHya64 sL113-276 sL113-276 sL93-101
85628,1998 KV2,,marssetetal2022/85628_20160410.csv,2016-04-10T13:31:58,2016-04-10T14:18:55,17,2032.26,15 52 19.7,00 59 34,1.068,0.534,1.454,17.7,26.2,sL107998 sL110361
85804,1998 WQ5,,marssetetal2022/85804_20150118.csv,2015-01-18T08:53:59,2015-01-18T09:12:12,18,2151.8,07 09 02.6,07 31 31,1.045,0.447,1.416,15,12.2,s98-978 sHYA64 sL93-101
85990,1999 JV6,,marssetetal2022/85990_20160211.csv,2016-02-11T08:02:02,2016-02-11T08:48:29,18,2151.8,06 47 16.9,27 53 53,1.012,0.226,1.165,18.7,34.2,sHYA64 sL102-1081 sL105-56 sL98-978
89830,2002 CE,,marssetetal2022/89830_20200128.csv,2020-01-28T15:29:29,2020-01-28T16:06:17,18,2151.8,14 34 35.2,64 12 05,1.421,1.229,1.787,18.1,31.8,sL102-1081 sL102-1081 sL105-56
90147,2002 YK14,,marssetetal2022/90147_20210114.csv,2021-01-14T06:05:29,2021-01-14T06:51:42,18,2151.8,05 46 08.9,11 33 24,1.243,0.293,1.247,17.3,23,sL102-1081 sL105-56 sL93-101 sL98-978
90416,2003 YK118,,marssetetal2022/90416_20150218.csv,2015-02-18T05:15:35,2015-02-18T05:58:41,18,2151.8,04 26 02.0,26 25 56,1.009,0.095,1.009,16.1,74.6,sHYA64 sL102-1081 sL106-684 sL98-978
96631,1999 FP59,,marssetetal2022/96631_20170813.csv,2017-08-13T13:00:28,2017-08-13T14:06:11,17,2032.26,00 21 35.0,-03 33 49,1.091,0.314,1.26,17.4,33.3,sL115271 sL93101
96631,1999 FP59,,marssetetal2022/96631_20170726.csv,2017-07-26T13:56:28,2017-07-26T14:51:51,18,2151.8,23 55 19.8,-06 40 52,1.116,0.353,1.261,17.8,40,sL113-276 sL115-271
96631,1999 FP59,,marssetetal2022/96631_20170706.csv,2017-07-06T14:01:21,2017-07-06T14:57:03,18,2151.8,23 11 13.6,-10 59 30,1.176,0.42,1.279,18.3,43.6,sL110-361 sL113-276
99799,2002 LJ3,,marssetetal2022/99799_20180815.csv,2018-08-15T09:12:20,2018-08-15T10:00:06,17,2032.26,21 09 15.6,-35 51 45,1.811,0.15,1.153,15.5,19.8,sHya64 sL110-361 sL115-271 sLSA93-101
99942,2004 MN4,Apophis,marssetetal2022/99942_20210114.csv,2021-01-14T13:57:06,2021-01-14T14:52:50,18,2151.8,11 44 04.1,-17 04 10,1.266,0.208,1.073,17.8,59.5,sL102-1081 sL105-56 sL93-101 sL98-978
99942,2004 MN4,Apophis,marssetetal2022/99942_20210114.csv,2021-01-14T13:57:06,2021-01-14T14:52:50,18,2151.8,11 44 04.1,-17 04 10,1.266,0.208,1.073,17.8,59.5,sL102-1081 sL105-56 sL93-101 sL98-978
106589,2000 WN107,,marssetetal2022/106589_20161224.csv,2016-12-24T12:34:53,2016-12-24T13:12:16,18,2151.8,07 12 01.3,-32 43 09,1.759,0.336,1.197,15.6,44.1,s1021081 s98978 sHYA64
112221,2002 KH4,,marssetetal2022/112221_20190508.csv,2019-05-08T13:01:04,2019-05-08T13:28:35,18,2151.8,18 31 19.3,22 51 09,1.021,0.482,1.288,16.2,45.4,sL102-1081 sL105-56 sL107-684 sL110-361
136874,1998 FH74,,marssetetal2022/136874_20200617.csv,2020-06-17T06:02:34,2020-06-17T06:58:05,18,2151.8,15 02 50.8,20 41 32,1.089,0.744,1.538,17.3,34.4,sL102-1081 sL102-1081 sL105-56 sL110-361 sL110-361
137032,1998 UO1,,marssetetal2022/137032_20161025.csv,2016-10-25T05:24:43,2016-10-25T06:20:26,18,2151.8,20 08 25.7,-05 27 03,1.161,0.416,1.084,17.2,66.5,sL1121333 sL115271 sL93101
137084,1998 XS16,,marssetetal2022/137084_20191025.csv,2019-10-25T05:03:57,2019-10-25T05:40:45,18,2151.8,19 15 40.8,61 59 28,1.427,0.48,1.147,17.2,59.6,sL112-1333 sL93-101 sL93-101
137108,1999 AN10,,marssetetal2022/137108_20200818.csv,2020-08-18T11:00:33,2020-08-18T11:59:11,18,2151.8,22 01 28.7,42 05 14,1.086,0.4,1.284,18,40.3,sHyades64 sL112-1333 sL93-101 sL93-101 sL93-101
137120,1999 BJ8,,marssetetal2022/137120_20200121.csv,2020-01-21T14:18:58,2020-01-21T14:55:50,18,2151.8,13 35 51.3,03 42 53,1.141,0.303,1.078,17.9,64.1,sL102-1081 sL105-56 sL98-978
137924,2000 BD19,,marssetetal2022/137924_20200121.csv,2020-01-21T14:59:58,2020-01-21T15:37:14,18,2151.8,13 08 38.0,18 16 24,1.008,0.398,1.184,17.5,51.1,sL102-1081 sL105-56 sL98-978
137924,2000 BD19,,marssetetal2022/137924_20150218.csv,2015-02-18T07:37:23,2015-02-18T08:00:20,18,2151.8,06 17 33.7,52 21 27,1.204,0.327,1.184,16.9,46.7,sHYA64 sL102-1081 sL106-684 sL98-978
138911,2001 AE2,,marssetetal2022/138911_20200527.csv,2020-05-27T11:45:30,2020-05-27T12:27:03,18,2151.8,18 04 47.9,-15 41 45,1.233,0.267,1.258,17.8,20.6,sL102-1081 sL105-56 sL107-684
138937,2001 BK16,,marssetetal2022/138937_20151212.csv,2015-12-12T13:07:55,2015-12-12T13:26:10,18,2151.8,07 33 10.3,-17 37 07,1.277,0.253,1.155,16.5,42.7,sHYA64 sL102-1081 sL115-271 sL98-978
140158,2001 SX169,,marssetetal2022/140158_20171111.csv,2017-11-11T10:42:35,2017-11-11T11:37:58,18,2151.8,04 39 06.2,12 58 27,1.036,0.35,1.32,17.6,17,sHYA64 sL113-276 sL93-101 sL98-978
140158,2001 SX169,,marssetetal2022/140158_20171120.csv,2017-11-20T09:46:42,2017-11-20T10:33:11,18,2151.8,04 26 56.2,10 54 56,1.051,0.274,1.256,16.8,10.8,sHYA64 sL102-1081 sL113-276
141053,2001 XT1,,marssetetal2022/141053_20181202.csv,2018-12-02T14:49:00,2018-12-02T15:49:03,18,2151.8,10 17 51.3,23 50 27,1.04,0.193,1.043,17.6,67.6,sHya64 sL102-1081 sLand98-978
141354,2002 AJ29,,marssetetal2022/141354_20160410.csv,2016-04-10T14:27:55,2016-04-10T14:46:10,18,2151.8,16 54 48.8,-18 10 06,1.279,0.144,1.093,15.1,47.6,sL107998 sL110361
141498,2002 EZ16,,marssetetal2022/141498_20181203.csv,2018-12-03T14:16:30,2018-12-03T14:53:19,18,2151.8,07 22 13.1,31 02 55,1.073,0.296,1.234,17.5,29.2,sHya64 sL102-1081 sL98-978
141525,2002 FV5,,marssetetal2022/141525_20190408.csv,2019-04-08T10:43:51,2019-04-08T11:25:20,18,2151.8,15 34 30.1,18 43 11,1.156,0.364,1.286,17.7,33.2,sLand102-1081 sLand105-56 sLand98-978
141593,2002 HK12,,marssetetal2022/141593_20190523.csv,2019-05-23T06:43:17,2019-05-23T07:52:54,18,2151.8,13 01 31.3,-15 36 07,1.248,0.357,1.299,17.9,31.5,sL102-1081 sL105-56 sL105-56
141670,2002 JS100,,marssetetal2022/141670_20170828.csv,2017-08-28T14:47:03,2017-08-28T15:29:19,18,2151.8,03 38 58.4,01 20 25,1.076,0.589,1.27,18.1,51.1,sHYA64 sL93101
142464,2002 TC9,,marssetetal2022/142464_20170828.csv,2017-08-28T12:22:14,2017-08-28T13:37:18,18,2151.8,00 36 16.6,28 31 52,1.013,0.418,1.321,18.4,35.3,sHYA64 sL93101
143404,2003 BD44,,marssetetal2022/143404_20170326.csv,2017-03-26T08:34:38,2017-03-26T08:57:30,18,2151.8,11 47 27.1,02 09 31,1.116,0.205,1.2,14.4,7.8,sL102-1081 sL105-56 sL98-978
143992,2004 AF,,marssetetal2022/143992_20170706.csv,2017-07-06T15:03:35,2017-07-06T15:24:38,18,2151.8,00 25 59.1,-22 11 42,1.375,0.387,1.186,16.4,55.3,sL110-361 sL113-276
144332,2004 DV24,,marssetetal2022/144332_20160315.csv,2016-03-15T09:26:47,2016-03-15T10:24:12,18,2151.8,12 16 44.2,15 31 54,1.094,0.857,1.834,18.1,8.6,s98978 sHYA64 sL1020181
144898,2004 VD17,,marssetetal2022/144898_20190408.csv,2019-04-08T08:34:17,2019-04-08T09:29:43,18,2151.8,12 28 31.5,-10 55 07,1.229,0.382,1.379,17.9,7.3,sLand102-1081 sLand105-56 sLand98-978
152563,1992 BF,,marssetetal2022/152563_20161128.csv,2016-11-28T04:45:44,2016-11-28T05:45:19,18,2151.8,21 33 43.0,57 53 33,1.322,0.136,1.024,18,70.2,s1021081 s113276 s93101
152978,2000 GJ147,,marssetetal2022/152978_20201119.csv,2020-11-19T08:43:09,2020-11-19T09:20:01,18,2151.8,03 18 15.3,13 36 21,1.042,0.243,1.23,17.5,6.3,sL115-271 sL93101 sL93101
153201,2000 WO107,,marssetetal2022/153201_20201207.csv,2020-12-07T07:52:02,2020-12-07T08:10:19,18,2151.8,03 14 00.8,22 39 17,1.014,0.121,1.097,16,21,sHYA64 sL93101 sL98-978
153814,2001 WN5,,marssetetal2022/153814_20190508.csv,2019-05-08T08:39:52,2019-05-08T09:16:59,18,2151.8,14 05 31.0,-18 11 20,1.298,0.434,1.436,17.9,8.9,sL102-1081 sL105-56 sL107-684 sL110-361
153842,2001 XT30,,marssetetal2022/153842_20191026.csv,2019-10-26T08:24:38,2019-10-26T09:01:27,18,2151.8,00 41 38.5,-31 17 10,1.596,0.326,1.238,16.2,36.3,sL112-1333 sL113-276 sL93-101
153958,2002 AM31,,marssetetal2022/153958_20120717.csv,2012-07-17T13:17:33,2012-07-17T13:47:46,18,2160,+18 57 04.2,+41 00 28,1.608,0.046,1.038,13.9,60.8,-
154007,2002 BY,,marssetetal2022/154007_20120721.csv,2012-07-21T12:12:52,2012-07-21T12:50:27,18,2160,+20 30 31.0,-08 33 22,1.214,0.375,1.384,17.1,9.8,-
154244,2002 KL6,,marssetetal2022/154244_20160704.csv,2016-07-04T08:13:05,2016-07-04T08:23:43,18,1618.02,17 21 04.7,11 01 59,1.026,0.102,1.096,14.3,37.4,sL107684 sL107998 sL110361
154244,2002 KL6,,marssetetal2022/154244_20160708.csv,2016-07-08T07:53:14,2016-07-08T08:07:31,18,1618.02,17 40 15.9,16 57 02,1.036,0.09,1.082,14.1,41.8,sL107684 sL107998 sL110361
154244,2002 KL6,,marssetetal2022/154244_20160815.csv,2016-08-15T15:07:07,2016-08-15T15:25:21,18,2151.8,01 10 07.6,36 51 20,1.088,0.119,1.058,15.3,64.5,sL113276 sL93101 sL93101
154330,2002 VX94,,marssetetal2022/154330_20201207.csv,2020-12-07T05:57:34,2020-12-07T07:01:08,18,2151.8,02 33 46.3,36 36 55,1.154,0.485,1.415,18.3,22.7,sHYA64 sL93101 sL98-978
154807,2004 PP97,,marssetetal2022/154807_20160211.csv,2016-02-11T15:07:45,2016-02-11T15:37:34,18,2151.8,13 47 48.3,40 37 42,1.073,0.313,1.175,18.2,46.7,sHYA64 sL102-1081 sL105-56 sL98-978
154807,2004 PP97,,marssetetal2022/154807_20160312.csv,2016-03-12T09:09:40,2016-03-12T10:07:55,18,2151.8,12 00 06.1,28 01 09,1.119,0.342,1.31,17.8,19.3,sHYA64 sL1021081 sL98978
154993,2005 EA94,,marssetetal2022/154993_20200227.csv,2020-02-27T14:13:56,2020-02-27T15:04:26,18,2151.8,14 53 19.2,42 04 46,1.089,0.205,1.093,16.6,55.1,sL102-1081 sL105-56 sL107-684
155110,2005 TB,,marssetetal2022/155110_20151110.csv,2015-11-10T06:25:06,2015-11-10T06:59:31,18,2151.8,00 54 04.0,19 53 26,1.081,0.453,1.402,17.5,20.6,sHYA64 sL113-271 sL98-978
159504,2000 WO67,,marssetetal2022/159504_20150720.csv,2015-07-20T07:21:37,2015-07-20T07:58:30,18,2151.8,14 41 31.3,-09 07 22,1.364,0.598,1.295,18.3,49.7,sL105-56 sL110-361 sL113-276 sL115-271
159504,2000 WO67,,marssetetal2022/159504_20151203.csv,2015-12-03T06:28:43,2015-12-03T07:12:30,18,2151.8,02 33 45.3,-10 38 04,1.29,0.389,1.293,16.8,32.2,sL102-1081 sL115-271 sL98-978
159504,2000 WO67,,marssetetal2022/159504_20151212.csv,2015-12-12T07:05:19,2015-12-12T07:56:05,18,2151.8,02 46 52.5,-03 13 06,1.105,0.482,1.37,17.3,30.4,sHYA64 sL102-1081 sL115-271 sL98-978
159608,2002 AC2,,marssetetal2022/159608_20200603.csv,2020-06-03T14:04:16,2020-06-03T14:41:09,18,2151.8,21 53 49.0,18 33 03,1.06,0.494,1.164,17.5,60.3,sL113-276 sL113-276 sL113-276
162004,1991 VE,,marssetetal2022/162004_20200127.csv,2020-01-27T05:36:20,2020-01-27T06:14:29,18,2151.8,02 06 19.6,37 51 07,1.119,0.258,1.043,17.8,69.8,sL102-1081 sL102-1081 sL98-978
162082,1998 HL1,,marssetetal2022/162082_20191025.csv,2019-10-25T08:40:36,2019-10-25T09:22:55,18,2151.8,01 45 13.5,30 41 29,1.064,0.042,1.034,13.2,18.7,sL112-1333 sL93-101 sL93-101
162082,1998 HL1,,marssetetal2022/162082_20191026.csv,2019-10-26T09:22:16,2019-10-26T09:41:18,18,2151.8,01 58 12.2,22 08 31,1.015,0.042,1.035,12.9,9.7,sL112-1333 sL113-276 sL93-101
162142,1998 VR,,marssetetal2022/162142_20161029.csv,2016-10-29T11:43:05,2016-10-29T12:01:19,18,2151.8,02 19 26.6,-18 14 14,1.398,0.184,1.153,16.5,27.1,sL1121333 sL115271
162173,1999 JU3,Ryugu,marssetetal2022/162173_20200908.csv,2020-09-08T11:39:58,2020-09-08T12:27:38,18,2151.8,00 12 55.9,30 54 27,1.021,0.275,1.232,18.3,31.4,sL112-1333 sL93-101 sLHya64
162173,1999 JU3,Ryugu,marssetetal2022/162173_20200921.csv,2020-09-21T09:33:53,2020-09-21T10:10:48,18,2151.8,23 56 45.0,34 00 58,1.047,0.223,1.194,17.6,28.5,sHya64 sL113-276 sL113-276 sL93-101
162510,2000 QW69,,marssetetal2022/162510_20160311.csv,2016-03-11T04:59:35,2016-03-11T05:36:28,18,2151.8,05 35 07.4,45 23 05,1.111,0.26,1.045,17.2,71.5,sL1021081 sL10556
162687,2000 UH1,,marssetetal2022/162687_20181111.csv,2018-11-11T14:11:52,2018-11-11T14:57:56,18,2151.8,06 37 06.1,-20 04 53,1.321,0.157,1.068,17,56.4,sHya sLand98-978
162998,2001 SK162,,marssetetal2022/162998_20171016.csv,2017-10-16T08:28:55,2017-10-16T09:24:25,18,2151.8,00 10 48.0,06 03 17,1.035,0.587,1.564,18.4,11.7,sHYA64 sL112-1333 sL115-271 sL93-101 sL98978
163000,2001 SW169,,marssetetal2022/163000_20151105.csv,2015-11-05T07:03:43,2015-11-05T07:52:02,18,2151.8,00 24 25.9,09 44 42,1.035,0.306,1.258,18.3,25.7,sHYA64 sL115-271
163348,2002 NN4,,marssetetal2022/163348_20200617.csv,2020-06-17T08:16:34,2020-06-17T08:58:06,18,2151.8,16 57 25.9,-14 55 56,1.304,0.081,1.095,15.6,12.8,sL102-1081 sL102-1081 sL105-56 sL110-361 sL110-361
163373,2002 PZ39,,marssetetal2022/163373_20180903.csv,2018-09-03T05:40:50,2018-09-03T06:59:41,18,2151.8,18 55 36.0,-22 37 50,1.389,0.239,1.154,17.9,47.7,sL107-998 sL113-276
163373,2002 PZ39,,marssetetal2022/163373_20200128.csv,2020-01-28T12:30:01,2020-01-28T12:52:56,18,2151.8,08 48 59.9,22 06 09,1.103,0.166,1.151,15.7,3.6,sL102-1081 sL102-1081 sL105-56
163696,2003 EB50,,marssetetal2022/163696_20151212.csv,2015-12-12T05:39:47,2015-12-12T06:17:51,18,2151.8,01 03 31.8,22 57 12,1.006,0.215,1.115,15.2,48.1,sHYA64 sL102-1081 sL115-271 sL98-978
163696,2003 EB50,,marssetetal2022/163696_20171120.csv,2017-11-20T13:34:16,2017-11-20T13:43:52,18,717.27,07 56 51.8,01 05 47,1.078,0.094,1.032,13.6,60,sHYA64 sL102-1081 sL113-276
163899,2003 SD220,,marssetetal2022/163899_20181111.csv,2018-11-11T15:28:24,2018-11-11T15:53:40,18,2151.8,10 55 16.1,56 27 10,1.427,0.134,1,16.4,81.8,sHya sLand98-978
163899,2003 SD220,,marssetetal2022/163899_20151203.csv,2015-12-03T15:28:53,2015-12-03T16:01:58,18,2151.8,11 29 11.5,27 40 58,1.085,0.114,0.991,16.1,83.9,sL102-1081 sL115-271 sL98-978
163899,2003 SD220,,marssetetal2022/163899_20151212.csv,2015-12-12T14:50:46,2015-12-12T15:18:45,18,2151.8,12 12 18.8,14 50 58,1.202,0.089,0.979,15.8,91.2,sHYA64 sL102-1081 sL115-271 sL98-978
163902,2003 SW222,,marssetetal2022/163902_20210114.csv,2021-01-14T05:24:13,2021-01-14T06:01:10,18,2151.8,05 00 20.1,21 32 25,1.199,0.328,1.259,16.5,28.6,sL102-1081 sL105-56 sL93-101 sL98-978
169675,2002 JM97,,marssetetal2022/169675_20200527.csv,2020-05-27T10:50:54,2020-05-27T11:18:29,18,2151.8,17 21 47.4,-28 46 07,1.529,0.397,1.399,15.8,11.7,sL102-1081 sL105-56 sL107-684
171819,2001 FZ6,,marssetetal2022/171819_20161025.csv,2016-10-25T07:47:56,2016-10-25T08:43:36,18,2151.8,01 49 29.9,20 43 16,1.154,0.414,1.405,17.6,6.2,sL1121333 sL115271 sL93101
173664,2001 JU2,,marssetetal2022/173664_20160708.csv,2016-07-08T06:47:04,2016-07-08T07:48:33,18,2151.8,16 31 50.7,-21 41 57,1.392,0.211,1.193,17.9,30.6,sL107684 sL107998 sL110361
174050,2002 CC19,,marssetetal2022/174050_20210208.csv,2021-02-08T10:40:37,2021-02-08T11:09:38,18,1618.02,08 41 30.7,38 59 11,1.078,0.172,1.144,15,22.1,sL102-1081 sL105-56 sL107-684 sL98-978
175189,2005 EC224,,marssetetal2022/175189_20200527.csv,2020-05-27T07:55:31,2020-05-27T08:04:31,18,2151.8,14 11 44.7,-02 09 29,1.082,0.298,1.267,17.4,28.1,sL102-1081 sL105-56 sL107-684
186822,2004 FE31,,marssetetal2022/186822_20201207.csv,2020-12-07T07:09:24,2020-12-07T07:46:15,18,2151.8,02 02 49.8,-30 46 05,1.572,0.281,1.122,17.5,54.3,sHYA64 sL93101 sL98-978
189040,2000 MU1,,marssetetal2022/189040_20210108.csv,2021-01-08T12:59:52,2021-01-08T13:36:51,18,2151.8,10 02 13.3,-12 43 58,1.189,0.174,1.097,18,45.8,-
190166,2005 UP156,,marssetetal2022/190166_20170426.csv,2017-04-26T09:42:07,2017-04-26T10:09:44,18,2151.8,15 32 25.5,-11 48 48,1.354,0.373,1.365,16.5,13.8,-
190208,2006 AQ,,marssetetal2022/190208_20170918.csv,2017-09-18T13:18:30,2017-09-18T14:23:38,18,2151.8,02 00 16.8,22 16 03,1.019,0.363,1.301,17.8,30.5,sL93101 sL93101
194126,2001 SG276,,marssetetal2022/194126_20180412.csv,2018-04-12T12:39:49,2018-04-12T15:15:51,18,2151.8,15 33 58.4,25 27 33,1.005,0.153,1.112,15.6,41.2,sL107-684 sL110-361
194268,2001 UY4,,marssetetal2022/194268_20151105.csv,2015-11-05T11:24:04,2015-11-05T11:58:29,18,2151.8,03 18 34.6,-05 46 40,1.126,0.263,1.238,16.7,18.6,-
194386,2001 VG5,,marssetetal2022/194386_20151212.csv,2015-12-12T08:11:57,2015-12-12T08:48:50,18,2151.8,03 55 13.3,17 45 13,1.017,0.578,1.542,17.4,12.3,sHYA64 sL102-1081 sL115-271 sL98-978
203015,1999 YF3,,marssetetal2022/203015_20200127.csv,2020-01-27T11:59:17,2020-01-27T12:36:10,18,2151.8,09 17 36.6,-07 53 47,1.152,0.374,1.326,18.1,20.6,sL102-1081 sL102-1081 sL98-978
203217,2001 FX9,,marssetetal2022/203217_20170103.csv,2017-01-03T08:04:28,2017-01-03T08:50:57,18,2151.8,04 33 14.5,09 59 38,1.015,0.393,1.32,18.4,26.3,s1021081 s93101 s98978 sHYA64
206378,2003 RB,,marssetetal2022/206378_20150720.csv,2015-07-20T11:45:29,2015-07-20T12:22:13,18,2151.8,21 03 57.7,-30 54 15,1.577,0.189,1.197,16.3,15.3,sL105-56 sL110-361 sL113-276 sL115-271
220839,2004 VA,,marssetetal2022/220839_20180520.csv,2018-05-20T05:33:13,2018-05-20T06:10:09,18,2151.8,12 07 03.4,21 04 08,1.037,0.176,1.091,15.8,59.1,sL102-1081 sL105-56 sL107-684 sL110-361
226514,2003 UX34,,marssetetal2022/226514_20161224.csv,2016-12-24T13:20:47,2016-12-24T13:57:52,18,2151.8,09 21 50.7,40 52 28,1.071,0.118,1.073,17.2,38.7,s1021081 s98978 sHYA64
237805,2002 CF26,,marssetetal2022/237805_20170828.csv,2017-08-28T13:58:43,2017-08-28T14:35:59,18,2151.8,03 06 28.6,36 06 09,1.073,0.256,1.086,17,66.2,sHYA64 sL93101
242211,2003 QB90,,marssetetal2022/242211_20170706.csv,2017-07-06T10:05:42,2017-07-06T11:01:15,18,2151.8,19 00 09.2,-15 18 32,1.226,0.389,1.404,17.2,5.3,sL110-361 sL113-276
242708,2005 UK1,,marssetetal2022/242708_20180623.csv,2018-06-23T09:31:32,2018-06-23T10:03:44,18,2151.8,17 34 13.5,-20 57 44,1.325,0.514,1.527,18,5.3,sL105-56 sL107-684 sL110-361 sL113-276 sL115-271
243025,2006 UM216,,marssetetal2022/243025_20191103.csv,2019-11-03T14:08:00,2019-11-03T14:30:55,18,2151.8,06 47 10.2,32 06 13,1.024,0.487,1.306,16.6,41.1,sHya64 sL98-978 sL98-978 sL98-978
243147,2007 TX18,,marssetetal2022/243147_20130711.csv,2013-07-11T07:59:29,2013-07-11T08:13:49,18,2160,+17 57 20.7,-22 54 03,1.418,0.255,1.26,15.6,15.7,sHD170379 sL107-998 sL110-361 sL113-271 sL113-276
244670,2003 KN18,,marssetetal2022/244670_20190522.csv,2019-05-22T06:21:29,2019-05-22T07:07:37,18,2151.8,13 08 21.8,42 41 06,1.125,0.292,1.13,18,59.3,sL102-1081 sL105-56
250577,2005 AC,,marssetetal2022/250577_20200121.csv,2020-01-21T15:51:33,2020-01-21T16:19:11,18,2151.8,14 53 47.4,63 39 17,1.435,0.242,1.066,17.6,63.9,sL102-1081 sL105-56 sL98-978
250620,2005 GE59,,marssetetal2022/250620_20170326.csv,2017-03-26T06:58:48,2017-03-26T08:09:17,18,2151.8,09 34 49.0,-03 44 36,1.112,0.507,1.419,18.5,27.7,sL102-1081 sL105-56 sL98-978
250706,2005 RR6,,marssetetal2022/250706_20160311.csv,2016-03-11T05:43:05,2016-03-11T06:29:04,18,2151.8,08 39 26.4,37 24 11,1.176,0.367,1.257,18.3,37.9,sL1021081 sL10556
265482,2005 EE,,marssetetal2022/265482_20170205.csv,2017-02-05T13:29:07,2017-02-05T14:01:25,18,2151.8,11 22 21.2,33 30 40,1.047,0.122,1.09,18.1,29.9,s1021081 s98978
265962,2006 CG,,marssetetal2022/265962_20171016.csv,2017-10-16T06:03:07,2017-10-16T06:46:50,18,2151.8,23 22 18.7,08 56 50,1.171,0.274,1.241,17.8,23.8,sHYA64 sL112-1333 sL115-271 sL93-101 sL98978
265962,2006 CG,,marssetetal2022/265962_20170728.csv,2017-07-28T12:09:51,2017-07-28T13:27:09,18,2151.8,21 49 51.3,05 34 51,1.036,0.318,1.298,18.2,24,sL113276 sL115271 sL93101
275611,1999 XX262,,marssetetal2022/275611_20190206.csv,2019-02-06T14:07:18,2019-02-06T14:53:30,18,2151.8,10 31 37.4,15 59 18,1.193,0.402,1.374,17.6,12.5,sLand102-1081
294739,2008 CM,,marssetetal2022/294739_20150720.csv,2015-07-20T10:24:27,2015-07-20T10:58:52,18,2151.8,19 31 41.3,14 22 49,1.009,0.559,1.506,17.8,23.1,sL105-56 sL110-361 sL113-276 sL115-271
297300,1998 SC15,,marssetetal2022/297300_20190508.csv,2019-05-08T06:32:53,2019-05-08T07:28:32,18,2151.8,11 44 38.4,26 44 21,1.015,0.258,1.145,18.6,52.6,sL102-1081 sL105-56 sL107-684 sL110-361
302830,2003 FB,,marssetetal2022/302830_20200926.csv,2020-09-26T14:03:22,2020-09-26T14:40:15,18,2151.8,04 56 36.7,-30 21 24,1.611,0.199,1.074,17.7,64,sHyades64 sLand113-276
311554,2006 BQ147,,marssetetal2022/311554_20150218.csv,2015-02-18T06:48:22,2015-02-18T07:25:46,18,2151.8,06 02 38.4,06 57 52,1.028,0.232,1.123,17.6,49.5,sHYA64 sL102-1081 sL106-684 sL98-978
311554,2006 BQ147,,marssetetal2022/311554_20210208.csv,2021-02-08T14:56:26,2021-02-08T15:24:02,18,2151.8,13 04 01.8,-06 22 23,1.139,0.159,1.081,16.7,50.3,sL102-1081 sL105-56 sL107-684 sL98-978
313276,2002 AX1,,marssetetal2022/313276_20210117.csv,2021-01-17T11:37:22,2021-01-17T12:14:23,18,2151.8,07 34 18.3,16 19 57,1.073,0.254,1.237,17.6,5.5,sL102-1081 sL98-978
318411,2005 AH14,,marssetetal2022/318411_20190318.csv,2019-03-18T14:53:26,2019-03-18T15:30:15,21,2510.43,16 56 32.4,10 58 28,1.028,0.34,1.124,17.1,59.4,sLand102-1081 sLand105-56 sLand110-361
326291,1998 HM3,,marssetetal2022/326291_20191025.csv,2019-10-25T07:11:18,2019-10-25T07:48:07,18,2151.8,00 26 27.8,16 21 13,1.066,0.203,1.185,17,18.6,sL112-1333 sL93-101 sL93-101
326683,2002 WP,,marssetetal2022/326683_20161224.csv,2016-12-24T08:11:27,2016-12-24T08:50:04,18,2151.8,04 08 25.2,50 02 24,1.157,0.189,1.142,16.4,30.3,s1021081 s98978 sHYA64
326777,2003 SV222,,marssetetal2022/326777_20190522.csv,2019-05-22T08:33:44,2019-05-22T09:05:54,18,2151.8,14 41 51.4,-13 14 23,1.207,0.333,1.332,16.8,14.1,sL102-1081 sL105-56
329340,2001 LM5,,marssetetal2022/329340_20200128.csv,2020-01-28T11:01:16,2020-01-28T11:38:04,18,2151.8,07 32 51.6,-15 53 11,1.357,0.257,1.198,18.1,30.4,sL102-1081 sL102-1081 sL105-56
331471,1984 QY1,,marssetetal2022/331471_20160606.csv,2016-06-06T06:00:17,2016-06-06T06:18:33,18,2151.8,13 46 34.6,53 06 25,1.232,0.306,1.078,15.6,69.9,sL10556 sL110361
331471,1984 QY1,,marssetetal2022/331471_20160705.csv,2016-07-05T05:43:50,2016-07-05T06:18:47,18,2151.8,15 11 32.2,08 49 27,1.048,0.784,1.534,17.5,36.5,sL107998 sL107998
333888,1998 ST4,,marssetetal2022/333888_20171120.csv,2017-11-20T05:42:07,2017-11-20T06:28:13,18,2151.8,00 08 18.7,09 45 49,1.04,0.37,1.248,16.6,38.9,sHYA64 sL102-1081 sL113-276
333889,1998 SV4,,marssetetal2022/333889_20150912.csv,2015-09-12T08:17:45,2015-09-12T08:35:59,14,1673.62,00 27 47.5,15 12 35,1.414,0.357,1.337,17.6,19.2,-
337866,2001 WL15,,marssetetal2022/337866_20160211.csv,2016-02-11T14:11:10,2016-02-11T14:48:06,18,2151.8,13 42 44.3,24 12 37,1.01,0.139,1.066,16.5,51.9,sHYA64 sL102-1081 sL105-56 sL98-978
338292,2002 UA31,,marssetetal2022/338292_20121013.csv,2012-10-13T04:59:53,2012-10-13T05:56:25,21,2520,+22 33 22.9,+36 42 08,1.233,0.22,1.16,17.6,38.7,-
348400,2005 JF21,,marssetetal2022/348400_20151005.csv,2015-10-05T12:20:54,2015-10-05T12:57:39,18,2151.8,04 37 10.3,-30 58 59,1.808,0.243,1.121,16.5,54.7,-
348400,2005 JF21,,marssetetal2022/348400_20151110.csv,2015-11-10T09:33:41,2015-11-10T10:13:52,18,2151.8,03 50 32.3,-18 50 50,1.38,0.407,1.335,17.2,27.2,sHYA64 sL113-271 sL98-978
348400,2005 JF21,,marssetetal2022/348400_20150720.csv,2015-07-20T08:03:40,2015-07-20T08:29:17,18,2151.8,18 00 14.0,02 34 01,1.055,0.159,1.147,15,32.1,sL105-56 sL110-361 sL113-276 sL115-271
349063,2006 XA,,marssetetal2022/349063_20191230.csv,2019-12-30T13:57:55,2019-12-30T14:52:51,18,2151.8,09 41 55.7,-05 12 47,1.113,0.552,1.385,18.2,34.8,sL102-1081 sL98-978
354030,2001 RB18,,marssetetal2022/354030_20190926.csv,2019-09-26T12:00:23,2019-09-26T12:22:06,18,1618.02,01 13 33.7,20 18 28,1.016,0.093,1.088,14.7,22.6,shya64 sL98-978
355256,2007 KN4,,marssetetal2022/355256_20190508.csv,2019-05-08T10:19:58,2019-05-08T10:56:52,18,2151.8,14 53 07.2,-20 21 12,1.31,0.483,1.492,16.4,2.5,sL102-1081 sL105-56 sL107-684 sL110-361
357024,1999 YR14,,marssetetal2022/357024_20160722.csv,2016-07-22T13:10:37,2016-07-22T13:33:54,18,2151.8,21 56 04.6,-31 57 56,1.671,0.219,1.215,17.7,22.1,sL113276 sL113276 sL115271
361123,2006 GW2,,marssetetal2022/361123_20130711.csv,2013-07-11T10:58:07,2013-07-11T11:35:44,18,2160,+19 11 46.6,+02 52 56,1.064,0.213,1.213,18.3,20.9,sHD170379 sL107-998 sL110-361 sL113-271 sL113-276
363599,2004 FG11,,marssetetal2022/363599_20160410.csv,2016-04-10T15:16:06,2016-04-10T15:34:21,18,2151.8,17 42 23.4,47 06 37,1.13,0.052,1.012,17.3,77.2,sL107998 sL110361
363831,2005 PY16,,marssetetal2022/363831_20161128.csv,2016-11-28T11:07:34,2016-11-28T12:03:04,17,2032.26,05 24 19.0,-03 18 57,1.088,0.32,1.274,18.3,22.4,s1021081 s113276 s93101
370307,2002 RH52,,marssetetal2022/370307_20170326.csv,2017-03-26T10:13:09,2017-03-26T10:31:24,18,2151.8,12 32 14.2,-08 18 47,1.142,0.488,1.483,16.6,4.5,sL102-1081 sL105-56 sL98-978
376864,2001 TP103,,marssetetal2022/376864_20181215.csv,2018-12-15T14:37:36,2018-12-15T15:37:38,18,2151.8,07 40 46.7,03 15 10,1.235,0.222,1.169,18.3,30.6,sL102-1081 sL98-978
380128,1997 WB21,,marssetetal2022/380128_20200712.csv,2020-07-12T14:07:00,2020-07-12T14:25:17,18,2151.8,22 20 07.3,-04 20 15,1.12,0.194,1.162,18.4,38.3,sL112-1333
380128,1997 WB21,,marssetetal2022/380128_20200818.csv,2020-08-18T14:06:49,2020-08-18T15:11:47,18,2151.8,02 42 48.6,38 48 47,1.096,0.128,1.031,18.4,77.9,sHyades64 sL112-1333 sL93-101 sL93-101 sL93-101
380160,2000 JO78,,marssetetal2022/380160_20190903.csv,2019-09-03T06:19:59,2019-09-03T07:01:32,18,2151.8,18 17 54.6,-18 54 29,1.292,0.418,1.239,18.1,48.1,sL110-361 sL112-1333
380359,2002 TN30,,marssetetal2022/380359_20201210.csv,2020-12-10T14:51:52,2020-12-10T15:38:04,18,2151.8,11 02 01.1,59 26 41,1.338,0.579,1.307,18,44.8,sL102-1081 sL102-1081
380981,2006 SU131,,marssetetal2022/380981_20150720.csv,2015-07-20T14:46:19,2015-07-20T15:11:36,18,2151.8,01 18 44.6,-09 05 12,1.188,0.263,1.102,18.3,64.3,sL105-56 sL110-361 sL113-276 sL115-271
381677,2009 BJ81,,marssetetal2022/381677_20190318.csv,2019-03-18T14:19:06,2019-03-18T14:46:48,21,2510.43,16 14 12.4,51 58 24,1.189,0.104,1.028,15.9,68.9,sLand102-1081 sLand105-56 sLand110-361
381677,2009 BJ81,,marssetetal2022/381677_20190125.csv,2019-01-25T13:50:32,2019-01-25T14:27:22,18,2151.8,09 59 26.1,21 44 30,1.103,0.296,1.265,17,16.4,sLand102-1081 sLand105-56 sLand98-978
381677,2009 BJ81,,marssetetal2022/381677_20190331.csv,2019-03-31T14:28:49,2019-03-31T15:05:38,18,2151.8,18 17 45.0,36 26 33,1.121,0.118,1.009,16.5,81.6,sLand102-1081 sLand105-56 sLand110-361
382503,2001 RE8,,marssetetal2022/382503_20200617.csv,2020-06-17T09:56:54,2020-06-17T10:34:03,18,2151.8,18 49 24.8,-14 33 43,1.325,0.169,1.178,16.2,15.2,sL102-1081 sL102-1081 sL105-56 sL110-361 sL110-361
385186,1994 AW1,,marssetetal2022/385186_20150720.csv,2015-07-20T06:40:46,2015-07-20T07:17:55,18,2151.8,14 52 12.6,03 15 01,1.105,0.073,1.034,14.6,74.2,sL105-56 sL110-361 sL113-276 sL115-271
385343,2002 LV,,marssetetal2022/385343_20160704.csv,2016-07-04T07:18:35,2016-07-04T07:55:28,18,2151.8,16 19 40.3,27 51 58,1.019,0.749,1.512,18.4,36.8,sL107684 sL107998 sL110361
385343,2002 LV,,marssetetal2022/385343_20160705.csv,2016-07-05T06:26:21,2016-07-05T07:10:37,18,2151.8,16 17 58.4,27 33 10,1.062,0.743,1.504,18.3,37.2,sL107998 sL107998
388838,2008 EZ5,,marssetetal2022/388838_20170426.csv,2017-04-26T06:25:20,2017-04-26T07:02:11,18,2151.8,11 11 53.4,-29 20 48,1.578,0.092,1.073,16.1,41.5,-
388945,2008 TZ3,,marssetetal2022/388945_20160410.csv,2016-04-10T12:38:44,2016-04-10T13:15:36,18,2151.8,14 40 03.9,11 38 36,1.036,0.15,1.136,17.7,25,sL107998 sL110361
389694,2011 QD48,,marssetetal2022/389694_20150922.csv,2015-09-22T13:22:08,2015-09-22T13:31:06,19,2271.35,01 28 28.7,19 36 47,1.081,0.305,1.277,17.2,23.3,-
398188,2010 LE15,Agni,marssetetal2022/398188_20180715.csv,2018-07-15T12:12:29,2018-07-15T12:51:58,18,2151.8,20 39 23.5,29 10 25,1.029,0.119,1.092,16.8,47.9,sL112-1333
410088,2007 EJ,,marssetetal2022/410088_20150118.csv,2015-01-18T06:03:15,2015-01-18T06:41:08,18,2151.8,01 43 32.2,51 48 46,1.271,0.184,1.043,16.8,66.4,s98-978 sHYA64 sL93-101
410088,2007 EJ,,marssetetal2022/410088_20190125.csv,2019-01-25T14:42:22,2019-01-25T15:19:11,18,2151.8,12 06 24.7,32 17 14,1.032,0.341,1.231,17.7,37.8,sLand102-1081 sLand105-56 sLand98-978
410777,2009 FD,,marssetetal2022/410777_20151105.csv,2015-11-05T06:06:11,2015-11-05T06:57:07,18,2151.8,23 21 26.2,19 09 06,1.014,0.079,1.047,18.4,44.2,sHYA64 sL115-271
410778,2009 FG19,,marssetetal2022/410778_20190926.csv,2019-09-26T14:49:15,2019-09-26T15:07:30,18,2151.8,04 54 20.5,-17 50 01,1.262,0.375,1.173,18.2,54.5,shya64 sL98-978
411165,2010 DF1,,marssetetal2022/411165_20200821.csv,2020-08-21T12:54:37,2020-08-21T13:45:48,18,2151.8,23 49 50.5,35 26 27,1.055,0.054,1.044,17.5,51.9,sHyades64 sL113-276 sL93-101 sL93-101
411201,2010 LJ14,,marssetetal2022/411201_20160311.csv,2016-03-11T08:54:54,2016-03-11T09:32:00,18,2151.8,09 25 50.1,01 34 12,1.059,0.223,1.192,16.1,24.9,sL1021081 sL10556
411201,2010 LJ14,,marssetetal2022/411201_20160414.csv,2016-04-14T06:30:58,2016-04-14T07:18:04,18,2151.8,10 50 18.3,16 36 25,1.046,0.443,1.343,18.1,33.4,s1021081 s10556 s98978
413002,1999 VG22,,marssetetal2022/413002_20161128.csv,2016-11-28T14:39:39,2016-11-28T15:35:54,18,2151.8,07 59 44.3,22 48 08,1.021,0.346,1.234,18.4,38.3,s1021081 s113276 s93101
413002,1999 VG22,,marssetetal2022/413002_20161224.csv,2016-12-24T14:04:42,2016-12-24T14:32:26,18,2151.8,09 23 13.1,12 44 02,1.017,0.224,1.15,17.3,38.2,s1021081 s98978 sHYA64
413577,2005 UL5,,marssetetal2022/413577_20151110.csv,2015-11-10T11:15:11,2015-11-10T12:01:33,18,2151.8,05 52 58.2,03 09 10,1.157,0.108,1.07,17.2,40.5,sHYA64 sL113-271 sL98-978
414960,2011 CS4,,marssetetal2022/414960_20170103.csv,2017-01-03T10:40:44,2017-01-03T11:36:47,18,2151.8,06 35 02.1,26 32 44,1.017,0.3,1.282,18.2,4.7,-
415029,2011 UL21,,marssetetal2022/415029_20171120.csv,2017-11-20T14:59:16,2017-11-20T15:46:22,18,2151.8,08 28 12.3,26 54 24,1.008,0.931,1.62,18.1,33.5,sHYA64 sL102-1081 sL113-276
416071,2002 NV,,marssetetal2022/416071_20150720.csv,2015-07-20T09:45:20,2015-07-20T10:19:52,18,2151.8,18 48 38.1,-26 22 11,1.453,0.57,1.571,18.3,10.6,sL105-56 sL110-361 sL113-276 sL115-271
416151,2002 RQ25,,marssetetal2022/416151_20150218.csv,2015-02-18T16:10:56,2015-02-18T16:17:33,18,2151.8,17 36 21.3,55 24 23,1.335,0.052,0.987,17.4,89.6,sHYA64 sL102-1081 sL106-684 sL98-978
416186,2002 TD60,,marssetetal2022/416186_20190523.csv,2019-05-23T09:05:01,2019-05-23T09:52:09,18,2151.8,16 04 43.3,-20 26 58,1.408,0.285,1.297,17.3,1.2,sL102-1081 sL105-56 sL105-56
416584,2004 JB12,,marssetetal2022/416584_20170706.csv,2017-07-06T13:17:32,2017-07-06T13:56:32,18,2151.8,22 51 25.0,31 54 49,1.05,0.174,1.069,17.6,68.1,sL110-361 sL113-276
416584,2004 JB12,,marssetetal2022/416584_20170728.csv,2017-07-28T14:11:01,2017-07-28T15:22:02,18,2151.8,01 16 56.0,21 29 32,1.034,0.203,1.067,18,69.9,sL113276 sL115271 sL93101
416584,2004 JB12,,marssetetal2022/416584_20170813.csv,2017-08-13T14:10:04,2017-08-13T15:05:58,18,2151.8,02 09 08.3,12 24 02,1.034,0.241,1.106,18.2,61.5,sL115271 sL93101
416591,2004 LC2,,marssetetal2022/416591_20200121.csv,2020-01-21T13:37:35,2020-01-21T14:14:43,18,2151.8,11 27 53.9,40 00 02,1.065,0.287,1.201,17.7,36.4,sL102-1081 sL105-56 sL98-978
420302,2011 XZ1,,marssetetal2022/420302_20200617.csv,2020-06-17T10:54:58,2020-06-17T11:41:09,18,2151.8,20 16 49.8,-20 01 19,1.537,0.251,1.229,16.2,28.6,sL102-1081 sL102-1081 sL105-56 sL110-361 sL110-361
422686,2000 AC6,,marssetetal2022/422686_20150206.csv,2015-02-06T14:05:55,2015-02-06T14:43:18,20,2390.89,12 08 37.4,43 16 50,1.101,0.081,1.045,17.8,42.2,-
422699,2000 PD3,,marssetetal2022/422699_20170726.csv,2017-07-26T12:07:29,2017-07-26T13:28:25,18,2151.8,22 24 03.1,-03 17 13,1.092,0.412,1.378,18.1,24.1,sL113-276 sL115-271
433953,1997 XR2,,marssetetal2022/433953_20161128.csv,2016-11-28T12:08:33,2016-11-28T12:46:04,18,2151.8,05 59 27.7,29 48 59,1.018,0.06,1.042,15.8,22.9,s1021081 s113276 s93101
437316,2013 OS3,,marssetetal2022/437316_20200127.csv,2020-01-27T06:40:35,2020-01-27T07:17:25,18,2151.8,05 24 34.3,-11 08 30,1.186,0.102,1.046,15.4,50.9,sL102-1081 sL102-1081 sL98-978
437844,1999 MN,,marssetetal2022/437844_20200627.csv,2020-06-27T08:02:45,2020-06-27T09:00:43,18,2151.8,17 07 37.1,-27 54 19,1.563,0.106,1.118,17.6,16.3,sL105-56 sL107-684 sL107-684
438429,2006 WN1,,marssetetal2022/438429_20150720.csv,2015-07-20T13:56:36,2015-07-20T14:33:37,18,2151.8,23 16 58.5,12 51 18,1.008,0.28,1.184,18.2,47.6,sL105-56 sL110-361 sL113-276 sL115-271
438429,2006 WN1,,marssetetal2022/438429_20180903.csv,2018-09-03T07:06:08,2018-09-03T07:42:57,18,2151.8,20 33 58.2,08 59 42,1.053,0.178,1.155,16.8,32,sL107-998 sL113-276
438902,2009 WF104,,marssetetal2022/438902_20210111.csv,2021-01-11T09:54:59,2021-01-11T10:50:48,18,2151.8,08 41 51.2,51 20 58,1.262,0.395,1.333,17,23.4,sHyades64 sL93-101
438902,2009 WF104,,marssetetal2022/438902_20210114.csv,2021-01-14T10:22:45,2021-01-14T10:59:44,18,2151.8,08 48 07.2,54 26 10,1.254,0.378,1.31,16.9,25.7,sL102-1081 sL105-56 sL93-101 sL98-978
438955,2010 LN14,,marssetetal2022/438955_20170205.csv,2017-02-05T11:51:15,2017-02-05T12:28:02,18,2151.8,08 49 24.5,22 23 12,1.094,0.179,1.163,18.1,7.7,s1021081 s98978
441987,2010 NY65,,marssetetal2022/441987_20160704.csv,2016-07-04T06:21:40,2016-07-04T06:58:31,18,2151.8,16 19 38.1,15 07 28,1.077,0.078,1.065,18,50.3,sL107684 sL107998 sL110361
442037,2010 PR66,,marssetetal2022/442037_20150720.csv,2015-07-20T05:49:12,2015-07-20T06:35:39,21,2510.43,13 57 56.2,-08 40 36,1.218,0.064,1.022,16.3,83.3,sL105-56 sL110-361 sL113-276 sL115-271
442243,2011 MD11,,marssetetal2022/442243_20191025.csv,2019-10-25T09:50:13,2019-10-25T10:03:51,18,2151.8,02 16 10.7,32 22 04,1.035,0.431,1.406,17.8,14.6,sL112-1333 sL93-101 sL93-101
443103,2013 WT67,,marssetetal2022/443103_20170306.csv,2017-03-06T05:24:45,2017-03-06T06:01:39,18,2151.8,05 32 25.6,-13 43 49,1.208,0.173,1.021,16.9,75.5,s98978 sHYA64
444584,2006 UK,,marssetetal2022/444584_20171111.csv,2017-11-11T07:12:36,2017-11-11T07:30:51,18,2151.8,01 24 33.7,34 08 31,1.075,0.061,1.044,15.4,26.5,sHYA64 sL113-276 sL93-101 sL98-978
446833,2001 RB12,,marssetetal2022/446833_20150922.csv,2015-09-22T05:44:36,2015-09-22T06:21:49,21,2510.43,21 17 55.1,06 29 08,1.16,0.133,1.109,18.3,35.3,-
450160,2000 RM12,,marssetetal2022/450160_20160414.csv,2016-04-14T05:42:12,2016-04-14T06:24:52,18,2151.8,08 37 15.9,00 56 19,1.059,0.598,1.304,18,47.6,s1021081 s10556 s98978
450648,2006 UC63,,marssetetal2022/450648_20180520.csv,2018-05-20T08:48:39,2018-05-20T09:25:40,18,2151.8,15 08 51.3,19 46 22,1.022,0.17,1.146,17.5,35.2,sL102-1081 sL105-56 sL107-684 sL110-361
450649,2006 UY64,,marssetetal2022/450649_20151105.csv,2015-11-05T04:56:08,2015-11-05T05:40:22,21,2510.43,22 33 19.7,24 12 41,1.037,0.123,1.062,17,52.3,sHYA64 sL115-271
452389,2002 NW16,,marssetetal2022/452389_20160815.csv,2016-08-15T13:49:28,2016-08-15T14:26:16,18,2151.8,00 27 54.4,47 02 12,1.135,0.21,1.098,17.1,61,sL113276 sL93101 sL93101
453707,2010 XY72,,marssetetal2022/453707_20150418.csv,2015-04-18T12:38:05,2015-04-18T13:14:51,21,2510.43,15 42 33.2,-18 54 56,1.286,0.272,1.247,17.4,23.6,sL105-46 sL107-998 sL110-361
453778,2011 JK,,marssetetal2022/453778_20190522.csv,2019-05-22T05:25:36,2019-05-22T06:13:42,18,2151.8,11 51 05.1,32 53 12,1.046,0.13,1.046,16.7,71.6,sL102-1081 sL105-56
454100,2013 BO73,,marssetetal2022/454100_20181107.csv,2018-11-07T15:16:35,2018-11-07T15:53:40,18,2151.8,07 03 36.9,35 14 10,1.063,0.193,1.102,18.6,50.6,sHya64
454177,2013 GJ35,,marssetetal2022/454177_20181203.csv,2018-12-03T15:19:21,2018-12-03T15:56:10,18,2151.8,10 06 02.7,55 24 58,1.231,0.637,1.363,17.1,41.9,sHya64 sL102-1081 sL98-978
455148,1994 UG,,marssetetal2022/455148_20160311.csv,2016-03-11T07:14:51,2016-03-11T07:51:47,18,2151.8,08 54 02.1,52 31 24,1.202,0.073,1.034,17.5,54.7,sL1021081 sL10556
457260,2008 RY24,,marssetetal2022/457260_20180903.csv,2018-09-03T12:32:23,2018-09-03T13:27:56,18,2151.8,01 13 50.6,20 06 33,1.002,0.52,1.424,18.5,30.1,sL107-998 sL113-276
457768,2009 KN4,,marssetetal2022/457768_20171111.csv,2017-11-11T05:04:49,2017-11-11T06:02:40,18,2151.8,21 55 58.5,43 43 09,1.095,0.22,1.088,17.3,58.2,sHYA64 sL113-276 sL93-101 sL98-978
458198,2010 RT11,,marssetetal2022/458198_20160606.csv,2016-06-06T07:59:03,2016-06-06T08:35:57,18,2151.8,16 16 14.0,-15 23 18,1.363,0.26,1.27,17.1,9.8,sL10556 sL110361
459872,2014 EK24,,marssetetal2022/459872_20160211.csv,2016-02-11T12:41:30,2016-02-11T13:27:41,21,2510.43,11 12 57.0,61 50 45,1.351,0.036,1.01,17.9,49.2,sHYA64 sL102-1081 sL105-56 sL98-978
459872,2014 EK24,,marssetetal2022/459872_20150218.csv,2015-02-18T15:25:07,2015-02-18T16:02:13,21,2510.43,12 59 36.6,17 57 16,1.126,0.042,1.02,18.1,40.8,sHYA64 sL102-1081 sL106-684 sL98-978
462959,2011 DU,,marssetetal2022/462959_20161029.csv,2016-10-29T09:07:24,2016-10-29T10:02:53,18,2151.8,02 47 21.4,-01 51 40,1.166,0.123,1.111,17.5,15.5,sL1121333 sL115271
464798,2004 JX20,,marssetetal2022/464798_20160708.csv,2016-07-08T05:39:16,2016-07-08T06:34:41,18,2151.8,14 37 29.5,-09 05 43,1.145,0.252,1.141,18.7,54.8,sL107684 sL107998 sL110361
465616,2009 EC,,marssetetal2022/465616_20160415.csv,2016-04-15T07:48:12,2016-04-15T08:44:16,18,2151.8,13 06 17.7,18 15 36,1.15,0.291,1.265,17.7,22.6,sL1021081 sL10556 sL98978
465749,2009 WO6,,marssetetal2022/465749_20201107.csv,2020-11-07T13:48:06,2020-11-07T14:25:06,18,2151.8,07 02 13.8,12 15 40,1.016,0.63,1.411,18.5,37.8,sL113-276 sL93-101 sL98-978 sL98-978
467963,2012 JT17,,marssetetal2022/467963_20161028.csv,2016-10-28T05:39:26,2016-10-28T06:35:27,18,2151.8,00 26 32.9,32 17 13,1.27,0.124,1.102,15.5,27.5,sL1121333 sL115271 sL93101
468583,2007 LS,,marssetetal2022/468583_20161224.csv,2016-12-24T10:08:44,2016-12-24T10:45:35,18,2151.8,06 17 48.6,01 15 32,1.058,0.377,1.34,17.3,16.1,s1021081 s98978 sHYA64
468583,2007 LS,,marssetetal2022/468583_20161128.csv,2016-11-28T13:34:54,2016-11-28T13:53:08,18,2151.8,07 23 08.0,-10 33 33,1.164,0.179,1.098,16.2,47.8,s1021081 s113276 s93101
469737,2005 NW44,,marssetetal2022/469737_20180623.csv,2018-06-23T06:45:02,2018-06-23T07:21:57,18,2151.8,15 32 32.1,22 38 43,1.037,0.073,1.055,16.9,56.1,sL105-56 sL107-684 sL110-361 sL113-276 sL115-271
470510,2008 CJ116,,marssetetal2022/470510_20160815.csv,2016-08-15T11:32:42,2016-08-15T12:09:30,21,2510.43,22 46 06.3,-18 50 09,1.278,0.288,1.291,17.7,12.8,sL113276 sL93101 sL93101
471241,2011 BX18,,marssetetal2022/471241_20160815.csv,2016-08-15T13:27:57,2016-08-15T13:46:11,20,2390.89,00 09 34.0,30 00 02,1.025,0.23,1.155,17.1,47.1,sL113276 sL93101 sL93101
474179,1999 VS6,,marssetetal2022/474179_20201014.csv,2020-10-14T12:28:06,2020-10-14T12:51:03,18,2151.8,04 16 02.7,01 39 35,1.066,0.229,1.171,17.7,36.7,sHyades64 sHyades64 sL113-276 sL93-101
475665,2006 VY13,,marssetetal2022/475665_20170103.csv,2017-01-03T13:39:06,2017-01-03T14:17:12,18,2151.8,10 49 15.6,01 55 50,1.067,0.395,1.23,17.2,43.8,s1021081 s93101 s98978 sHYA64
477885,2011 JT9,,marssetetal2022/477885_20200617.csv,2020-06-17T07:09:54,2020-06-17T08:05:20,18,2151.8,16 49 43.3,14 20 34,1.199,0.497,1.433,17.4,27.1,sL102-1081 sL102-1081 sL105-56 sL110-361 sL110-361
480004,2014 KD91,,marssetetal2022/480004_20161003.csv,2016-10-03T10:49:35,2016-10-03T11:46:09,20,2390.89,01 32 37.3,27 57 43,1.012,0.356,1.327,16.6,20.2,s115271 sHYA64 sL93101
481394,2006 SF6,,marssetetal2022/481394_20180903.csv,2018-09-03T10:19:13,2018-09-03T11:33:23,18,2151.8,22 57 03.6,25 11 53,1.006,0.229,1.207,18.3,27,sL107-998 sL113-276
482650,2013 BK18,,marssetetal2022/482650_20150206.csv,2015-02-06T08:57:16,2015-02-06T09:36:31,21,2510.43,05 51 23.5,-02 59 51,1.22,0.104,1.05,16.5,49.6,-
483422,2000 CE59,,marssetetal2022/483422_20170306.csv,2017-03-06T08:40:02,2017-03-06T09:26:35,20,2390.89,09 02 02.5,-16 28 24,1.243,0.192,1.149,18.5,32.1,s98978 sHYA64
484795,2009 DE47,,marssetetal2022/484795_20170426.csv,2017-04-26T08:54:54,2017-04-26T09:32:27,18,2151.8,12 41 38.5,-06 00 54,1.112,0.292,1.279,17.3,18.8,-
485652,2011 WO41,,marssetetal2022/485652_20170306.csv,2017-03-06T07:10:52,2017-03-06T07:49:19,20,2390.89,08 18 31.4,57 06 19,1.264,0.493,1.304,17.2,41.8,s98978 sHYA64
488645,2003 OV,,marssetetal2022/488645_20170326.csv,2017-03-26T05:45:13,2017-03-26T06:53:23,19,2271.35,07 55 43.6,-19 18 57,1.294,0.321,1.161,18.2,52.2,sL102-1081 sL105-56 sL98-978
489486,2007 GS3,,marssetetal2022/489486_20191103.csv,2019-11-03T13:31:10,2019-11-03T13:58:42,18,2151.8,04 15 46.4,05 03 03,1.142,0.155,1.132,16.7,23.7,sHya64 sL98-978 sL98-978 sL98-978
489486,2007 GS3,,marssetetal2022/489486_20191026.csv,2019-10-26T09:57:18,2019-10-26T11:18:16,18,2151.8,04 36 34.4,18 26 33,1.282,0.151,1.117,16.9,33.3,sL112-1333 sL113-276 sL93-101
492143,2013 OE,,marssetetal2022/492143_20191025.csv,2019-10-25T05:50:27,2019-10-25T07:04:27,18,2151.8,22 14 31.3,05 53 14,1.04,0.495,1.341,18.3,37.4,sL112-1333 sL93-101 sL93-101
495102,2011 UU106,,marssetetal2022/495102_20161128.csv,2016-11-28T12:52:18,2016-11-28T13:29:17,21,2510.43,07 45 04.7,19 03 30,1.017,0.2,1.13,17.2,40.6,s1021081 s113276 s93101
495615,2015 PQ291,,marssetetal2022/495615_20190523.csv,2019-05-23T05:58:44,2019-05-23T06:35:50,18,2151.8,11 22 35.2,-13 41 55,1.204,0.314,1.177,17.4,51.6,sL102-1081 sL105-56 sL105-56
496005,2007 XJ16,,marssetetal2022/496005_20171016.csv,2017-10-16T05:09:04,2017-10-16T05:55:50,18,2151.8,22 29 49.5,46 54 38,1.251,0.146,1.091,16.9,47,sHYA64 sL112-1333 sL115-271 sL93-101 sL98978
496816,1989 UP,,marssetetal2022/496816_20171111.csv,2017-11-11T13:46:41,2017-11-11T15:04:52,18,2151.8,09 08 44.6,16 22 36,1.2,0.069,0.998,17.5,81.4,sHYA64 sL113-276 sL93-101 sL98-978
496816,1989 UP,,marssetetal2022/496816_20171016.csv,2017-10-16T11:43:55,2017-10-16T12:21:07,18,2151.8,02 49 28.7,-04 40 46,1.1,0.104,1.092,16.9,22.7,sHYA64 sL112-1333 sL115-271 sL93-101 sL98978
496817,1989 VB,,marssetetal2022/496817_20171120.csv,2017-11-20T12:04:11,2017-11-20T13:00:30,18,2151.8,05 46 22.1,29 06 52,1.014,0.185,1.153,17.7,24.9,sHYA64 sL102-1081 sL113-276
496817,1989 VB,,marssetetal2022/496817_20171016.csv,2017-10-16T13:42:00,2017-10-16T14:09:37,18,2151.8,06 15 07.3,16 25 16,1.052,0.063,1.019,16.3,67.3,sHYA64 sL112-1333 sL115-271 sL93-101 sL98978
496818,1993 RA,,marssetetal2022/496818_20171111.csv,2017-11-11T08:46:40,2017-11-11T09:42:57,18,2151.8,01 45 04.4,-14 43 30,1.212,0.225,1.176,17.7,31.1,sHYA64 sL113-276 sL93-101 sL98-978
498066,2007 RM133,,marssetetal2022/498066_20200617.csv,2020-06-17T09:29:08,2020-06-17T09:40:31,18,2151.8,18 19 31.7,-06 26 15,1.208,0.254,1.259,16.5,15.2,sL102-1081 sL102-1081 sL105-56 sL110-361 sL110-361
505657,2014 SR339,,marssetetal2022/505657_20180218.csv,2018-02-18T08:50:25,2018-02-18T09:27:26,18,2151.8,07 22 32.0,59 04 41,1.315,0.12,1.06,15.9,50.9,sL1021081 sL1021081
505657,2014 SR339,,marssetetal2022/505657_20210208.csv,2021-02-08T13:59:50,2021-02-08T14:34:51,18,2151.8,14 21 43.1,18 06 22,1.072,0.21,1.077,17.4,59.3,sL102-1081 sL105-56 sL107-684 sL98-978
506459,2002 AL14,,marssetetal2022/506459_20210208.csv,2021-02-08T15:29:14,2021-02-08T16:06:06,18,2151.8,14 30 26.0,21 43 45,1.001,0.37,1.159,17.9,53.7,sL102-1081 sL105-56 sL107-684 sL98-978
511684,2015 BN509,,marssetetal2022/511684_20170205.csv,2017-02-05T12:50:37,2017-02-05T13:23:46,21,2510.43,14 19 10.4,16 34 30,1.298,0.049,1.003,16.6,68.9,s1021081 s98978
512245,2016 AU8,,marssetetal2022/512245_20200127.csv,2020-01-27T12:39:24,2020-01-27T13:16:26,18,2151.8,09 48 14.2,06 00 31,1.057,0.196,1.169,17.6,18,sL102-1081 sL102-1081 sL98-978
515767,2015 JA2,,marssetetal2022/515767_20190125.csv,2019-01-25T12:21:47,2019-01-25T12:58:38,18,2151.8,09 51 02.4,12 18 11,1.015,0.076,1.055,16.6,19.5,sLand102-1081 sLand105-56 sLand98-978
518735,2009 JL1,,marssetetal2022/518735_20181202.csv,2018-12-02T11:45:36,2018-12-02T12:13:13,18,2151.8,04 55 30.0,24 45 37,1.048,0.101,1.086,16.6,5.3,sHya64 sL102-1081 sLand98-978
523586,1999 LK1,,marssetetal2022/523586_20180520.csv,2018-05-20T10:22:28,2018-05-20T10:59:21,20,2390.89,15 47 18.5,-24 03 34,1.39,0.046,1.058,15.9,4.1,sL102-1081 sL105-56 sL107-684 sL110-361
523631,2009 SX1,,marssetetal2022/523631_20190125.csv,2019-01-25T15:22:54,2019-01-25T16:04:25,18,2151.8,13 43 53.8,04 23 33,1.044,0.206,1.048,17.9,66.7,sLand102-1081 sLand105-56 sLand98-978
523631,2009 SX1,,marssetetal2022/523631_20190206.csv,2019-02-06T15:00:00,2019-02-06T15:53:02,18,2151.8,13 20 41.3,-02 49 23,1.089,0.227,1.109,17.8,52.1,sLand102-1081
523667,2012 TM139,,marssetetal2022/523667_20150720.csv,2015-07-20T11:07:38,2015-07-20T11:42:10,22,2629.98,19 37 47.9,-16 03 28,1.279,0.225,1.24,17.4,5.3,sL105-56 sL110-361 sL113-276 sL115-271
523667,2012 TM139,,marssetetal2022/523667_20150922.csv,2015-09-22T06:27:22,2015-09-22T07:14:05,22,2629.98,21 45 50.0,09 34 30,1.11,0.242,1.212,18.3,27.4,-
523788,2015 FP118,,marssetetal2022/523788_20180909.csv,2018-09-09T10:50:37,2018-09-09T11:08:52,22,2629.98,00 58 48.6,44 51 35,1.152,0.046,1.034,14.8,53.8,sL110-361 sL110-361 sL112-1333 sL93-101
523811,2008 TQ2,,marssetetal2022/523811_20181202.csv,2018-12-02T13:29:20,2018-12-02T14:39:56,18,2151.8,06 37 27.3,08 26 42,1.073,0.139,1.105,18,28.7,sHya64 sL102-1081 sLand98-978
523817,2009 TK,,marssetetal2022/523817_20151005.csv,2015-10-05T10:08:44,2015-10-05T10:46:54,19,2271.35,02 23 05.6,14 16 54,1.102,0.045,1.041,16.8,25.4,-
525477,2005 FC3,,marssetetal2022/525477_20190318.csv,2019-03-18T11:24:39,2019-03-18T11:52:15,20,2390.89,12 36 58.4,40 12 04,1.066,0.093,1.068,15.8,37.1,sLand102-1081 sLand105-56 sLand110-361
526238,2005 YY36,,marssetetal2022/526238_20190206.csv,2019-02-06T12:40:48,2019-02-06T14:01:10,21,2510.43,10 22 59.0,-11 47 50,1.22,0.192,1.153,17.4,26.7,sLand102-1081
527715,2007 YQ56,,marssetetal2022/527715_20181215.csv,2018-12-15T13:33:16,2018-12-15T14:28:45,21,2510.43,07 10 17.9,57 24 39,1.334,0.178,1.129,17.8,33,sL102-1081
528650,2008 WX32,,marssetetal2022/528650_20190522.csv,2019-05-22T07:53:02,2019-05-22T08:29:49,21,2510.43,13 44 23.4,-04 57 49,1.104,0.22,1.198,17.7,29.1,sL102-1081 sL105-56
531060,2012 DJ61,,marssetetal2022/531060_20200227.csv,2020-02-27T15:11:36,2020-02-27T15:46:08,18,2151.8,15 17 17.6,-09 14 00,1.143,0.14,1.043,18,64.1,sL102-1081 sL105-56 sL107-684
,1996 AE2,,marssetetal2022/1996AE2_20200128.csv,2020-01-28T13:04:57,2020-01-28T14:01:31,20,2390.89,10 20 00.2,55 59 38,1.255,0.219,1.157,18.8,34.7,sL102-1081 sL102-1081 sL105-56
,1999 RM45,,marssetetal2022/1999RM45_20210208.csv,2021-02-08T11:13:49,2021-02-08T11:50:44,21,2510.43,10 15 58.3,-07 25 49,1.127,0.269,1.235,18,20,sL102-1081 sL105-56 sL107-684 sL98-978
,2000 BO28,,marssetetal2022/2000BO28_20200227.csv,2020-02-27T12:01:57,2020-02-27T12:42:28,21,2510.43,11 34 01.1,-10 02 05,1.166,0.253,1.227,18.2,18.4,sL102-1081 sL105-56 sL107-684
,2002 GZ8,,marssetetal2022/2002GZ8_20210114.csv,2021-01-14T15:18:47,2021-01-14T16:14:22,20,2390.89,13 03 06.8,-04 13 28,1.105,0.193,1.029,17.7,71.1,sL102-1081 sL105-56 sL93-101 sL98-978
,2002 LY1,,marssetetal2022/2002LY1_20160606.csv,2016-06-06T07:04:30,2016-06-06T07:44:48,19,2271.35,14 51 38.5,-10 50 19,1.224,0.062,1.068,17.5,30.6,sL10556 sL110361
,2002 TS67,,marssetetal2022/2002TS67_20201107.csv,2020-11-07T13:04:24,2020-11-07T13:41:25,21,2510.43,06 20 47.2,08 39 44,1.028,0.317,1.214,18.4,39.7,sL113-276 sL93-101 sL98-978 sL98-978
,2003 AF23,,marssetetal2022/2003AF23_20210108.csv,2021-01-08T12:30:35,2021-01-08T12:52:12,21,1887.69,07 27 20.4,10 16 20,1.141,0.064,1.046,15.7,11.3,-
,2003 YJ,,marssetetal2022/2003YJ_20201207.csv,2020-12-07T08:30:56,2020-12-07T09:27:47,19,2271.35,04 31 28.5,-18 36 16,1.363,0.167,1.115,18.1,36,sHYA64 sL93101 sL98-978
,2004 LU3,,marssetetal2022/2004LU3_20200723.csv,2020-07-23T05:55:37,2020-07-23T07:00:37,20,2390.89,16 36 58.8,-22 41 39,1.409,0.166,1.13,16.4,43.2,sL107-684 sL107-998 sL110-361 sL110-361
,2004 RF84,,marssetetal2022/2004RF84_20201014.csv,2020-10-14T09:39:11,2020-10-14T10:34:43,21,2510.43,23 28 25.0,59 01 47,1.343,0.4,1.271,18.5,39.9,sHyades64 sHyades64 sL113-276 sL93-101
,2005 GR33,,marssetetal2022/2005GR33_20160410.csv,2016-04-10T14:51:32,2016-04-10T15:09:48,20,2390.89,17 20 08.4,-18 25 45,1.28,0.031,1.018,16.8,58.2,sL107998 sL110361
,2005 TF,,marssetetal2022/2005TF_20161128.csv,2016-11-28T10:12:30,2016-11-28T10:51:08,18,2151.8,05 06 28.6,50 32 51,1.179,0.096,1.071,16.6,28,s1021081 s113276 s93101
,2005 TF,,marssetetal2022/2005TF_20161028.csv,2016-10-28T08:30:32,2016-10-28T09:35:35,18,2151.8,02 16 58.8,18 38 31,1.093,0.139,1.132,16.7,4.9,sL1121333 sL115271 sL93101
,2005 WS3,,marssetetal2022/2005WS3_20161128.csv,2016-11-28T13:58:02,2016-11-28T14:36:05,19,2271.35,07 09 40.7,23 12 31,1.029,0.087,1.055,17.5,36.7,s1021081 s113276 s93101
,2006 NL,,marssetetal2022/2006NL_20130711.csv,2013-07-11T13:34:46,2013-07-11T14:02:33,19,2280,+22 08 37.6,-07 25 37,1.13,0.138,1.122,17.5,37.8,sHD170379 sL107-998 sL110-361 sL113-271 sL113-276
,2006 SK134,,marssetetal2022/2006SK134_20190321.csv,2019-03-21T13:18:03,2019-03-21T13:50:14,22,2629.98,13 42 45.5,-12 01 02,1.236,0.197,1.174,16.6,23.3,sLand102-1081 sLand107-684 sLand110-361
,2007 EC,,marssetetal2022/2007EC_20150118.csv,2015-01-18T06:50:37,2015-01-18T07:25:26,18,2151.8,03 30 31.8,63 11 03,1.395,0.029,0.998,16.7,60.2,s98-978 sHYA64 sL93-101
,2007 TQ24,,marssetetal2022/2007TQ24_20190926.csv,2019-09-26T12:44:42,2019-09-26T13:21:41,21,2510.43,01 46 24.8,08 09 52,1.049,0.067,1.064,17.5,23.7,shya64 sL98-978
,2007 XY9,,marssetetal2022/2007XY9_20130711.csv,2013-07-11T06:03:24,2013-07-11T06:40:36,20,2400,+16 38 06.2,+03 31 40,1.142,0.116,1.098,18.2,43,sHD170379 sL107-998 sL110-361 sL113-271 sL113-276
,2008 SR1,,marssetetal2022/2008SR1_20190926.csv,2019-09-26T13:46:12,2019-09-26T14:42:00,20,2390.89,02 38 22.8,-04 12 54,1.14,0.18,1.151,18.2,31.9,shya64 sL98-978
,2009 SV17,,marssetetal2022/2009SV17_20181202.csv,2018-12-02T12:19:29,2018-12-02T12:47:12,21,2510.43,05 29 34.8,46 37 44,1.161,0.162,1.132,17,23.4,sHya64 sL102-1081 sLand98-978
,2010 GT7,,marssetetal2022/2010GT7_20181202.csv,2018-12-02T11:02:37,2018-12-02T11:39:27,20,2390.89,03 00 45.5,06 55 51,1.254,0.18,1.149,17.9,22.8,sHya64 sL102-1081 sLand98-978
,2011 CT4,,marssetetal2022/2011CT4_20200121.csv,2020-01-21T12:44:49,2020-01-21T13:21:53,20,2390.89,09 56 50.1,13 12 27,1.013,0.115,1.089,17.1,23.7,sL102-1081 sL105-56 sL98-978
,2011 HP,,marssetetal2022/2011HP_20190508.csv,2019-05-08T09:20:55,2019-05-08T09:57:44,19,2271.35,14 19 33.7,-16 11 35,1.241,0.118,1.125,18.3,8.5,sL102-1081 sL105-56 sL107-684 sL110-361
,2011 UA,,marssetetal2022/2011UA_20180909.csv,2018-09-09T11:15:36,2018-09-09T11:47:55,19,2271.35,01 03 56.8,11 01 45,1.042,0.151,1.138,16,28.6,sL110-361 sL110-361 sL112-1333 sL93-101
,2011 WA,,marssetetal2022/2011WA_20181111.csv,2018-11-11T12:59:34,2018-11-11T13:55:01,19,2271.35,05 57 11.2,21 14 04,1,0.068,1.042,17.4,38.5,sHya sLand98-978
,2011 WK15,,marssetetal2022/2011WK15_20150118.csv,2015-01-18T09:20:38,2015-01-18T09:57:58,21,2510.43,08 55 43.5,29 34 41,1.16,0.168,1.146,16.9,13.3,s98-978 sHYA64 sL93-101
,2011 WN15,,marssetetal2022/2011WN15_20151212.csv,2015-12-12T09:39:23,2015-12-12T10:34:48,21,2510.43,05 02 40.3,43 50 31,1.099,0.15,1.126,16.7,18.2,sHYA64 sL102-1081 sL115-271 sL98-978
,2011 YS62,,marssetetal2022/2011YS62_20151203.csv,2015-12-03T05:40:16,2015-12-03T06:14:45,21,2510.43,01 16 26.3,45 58 44,1.155,0.115,1.068,16.8,42.2,sL102-1081 sL115-271 sL98-978
,2012 SG32,,marssetetal2022/2012SG32_20150922.csv,2015-09-22T10:52:33,2015-09-22T11:47:49,19,2271.35,01 10 28.3,-10 49 44,1.176,0.128,1.124,18.7,18.7,-
,2013 CW32,,marssetetal2022/2013CW32_20190206.csv,2019-02-06T11:56:01,2019-02-06T12:32:51,21,2510.43,07 44 36.4,41 59 49,1.358,0.082,1.056,18,30.5,sLand102-1081
,2013 PY6,,marssetetal2022/2013PY6_20201014.csv,2020-10-14T11:25:53,2020-10-14T11:48:48,20,2390.89,01 29 59.4,07 46 24,1.065,0.232,1.229,16.5,2.3,sHyades64 sHyades64 sL113-276 sL93-101
,2013 UX14,,marssetetal2022/2013UX14_20200908.csv,2020-09-08T14:06:16,2020-09-08T14:15:16,21,2510.43,02 36 15.6,-26 38 41,1.454,0.169,1.115,16.1,46.7,sL112-1333 sL93-101 sLHya64
,2014 AD17,,marssetetal2022/2014AD17_20170103.csv,2017-01-03T12:56:50,2017-01-03T13:33:44,20,2390.89,07 50 30.3,26 15 20,1.087,0.218,1.197,17.9,10.4,s1021081 s93101 s98978 sHYA64
,2014 LW21,,marssetetal2022/2014LW21_20200712.csv,2020-07-12T13:21:15,2020-07-12T13:58:15,21,2510.43,20 19 37.4,03 46 21,1.203,0.318,1.305,17.6,21.9,sL112-1333
,2014 QK434,,marssetetal2022/2014QK434_20150118.csv,2015-01-18T07:53:25,2015-01-18T08:47:02,22,2629.98,04 46 55.7,-00 22 33,1.077,0.189,1.111,17.4,43.9,s98-978 sHYA64 sL93-101
,2014 RL12,,marssetetal2022/2014RL12_20150118.csv,2015-01-18T11:10:39,2015-01-18T11:43:07,21,2510.43,07 16 52.0,-01 06 43,1.142,0.474,1.429,17.9,16.3,s98-978 sHYA64 sL93-101
,2014 UF206,,marssetetal2022/2014UF206_20150118.csv,2015-01-18T12:00:52,2015-01-18T12:28:44,22,2629.98,08 30 54.1,48 03 32,1.159,0.146,1.115,16,24.5,s98-978 sHYA64 sL93-101
,2014 UR116,,marssetetal2022/2014UR116_20171016.csv,2017-10-16T14:17:39,2017-10-16T14:54:51,22,2629.98,05 52 44.9,54 40 34,1.221,0.081,1.028,16.7,65.4,sHYA64 sL112-1333 sL115-271 sL93-101 sL98978
,2014 WG365,,marssetetal2022/2014WG365_20201207.csv,2020-12-07T10:20:41,2020-12-07T11:12:27,22,2629.98,05 12 07.9,33 48 42,1.031,0.283,1.264,18.4,9,sHYA64 sL93101 sL98-978
,2014 YM9,,marssetetal2022/2014YM9_20150206.csv,2015-02-06T10:14:12,2015-02-06T10:32:26,20,2390.89,08 15 41.1,19 08 29,1.014,0.115,1.097,15.6,13.7,-
,2015 AZ43,,marssetetal2022/2015AZ43_20150206.csv,2015-02-06T10:59:50,2015-02-06T11:36:54,22,2629.98,08 06 40.1,64 08 12,1.466,0.043,1.014,18.5,48.1,-
,2015 BC,,marssetetal2022/2015BC_20150118.csv,2015-01-18T10:20:39,2015-01-18T10:57:46,19,2271.35,09 18 02.2,-00 57 23,1.157,0.02,1.002,16.8,28.1,s98-978 sHYA64 sL93-101
,2015 BF92,,marssetetal2022/2015BF92_20150206.csv,2015-02-06T14:56:39,2015-02-06T15:33:43,21,2510.43,12 32 38.5,-07 14 16,1.178,0.024,1.001,17.8,51.1,sL102-1081a sL102-1081b sL107-684 sL98-978
,2015 BK509,,marssetetal2022/2015BK509_20200228.csv,2020-02-28T07:04:27,2020-02-28T07:22:56,22,2629.98,05 20 25.3,16 01 45,1.118,0.048,1.001,18.5,75.7,sL102-1081 sL98-978 sLHya64
,2015 DB,,marssetetal2022/2015DB_20150218.csv,2015-02-18T10:35:44,2015-02-18T11:21:53,19,2271.35,10 23 37.8,29 37 46,1.012,0.0038,0.992,16.5,15.7,sHYA64 sL102-1081 sL106-684 sL98-978
,2015 DP155,,marssetetal2022/2015DP155_20180623.csv,2018-06-23T13:16:48,2018-06-23T13:53:37,22,2629.98,20 31 10.2,-28 45 12,1.521,0.039,1.05,15.9,31.3,sL105-56 sL107-684 sL110-361 sL113-276 sL115-271
,2015 DP155,,marssetetal2022/2015DP155_20180520.csv,2018-05-20T07:51:00,2018-05-20T08:38:09,22,2629.98,13 39 55.9,58 01 58,1.273,0.059,1.021,18.1,79,sL102-1081 sL105-56 sL107-684 sL110-361
,2015 FS332,,marssetetal2022/2015FS332_20151005.csv,2015-10-05T11:04:16,2015-10-05T11:21:05,22,1314.99,02 40 25.5,22 08 58,1.036,0.048,1.041,13.3,32,-
,2015 JJ2,,marssetetal2022/2015JJ2_20150720.csv,2015-07-20T12:29:57,2015-07-20T12:59:45,20,2390.89,21 53 48.7,-30 19 11,1.555,0.092,1.099,18,25.6,sL105-56 sL110-361 sL113-276 sL115-271
,2015 JY1,,marssetetal2022/2015JY1_20150720.csv,2015-07-20T08:39:53,2015-07-20T09:23:08,20,2390.89,18 58 45.2,42 32 35,1.103,0.084,1.055,17.7,60.5,sL105-56 sL110-361 sL113-276 sL115-271
,2015 NU13,,marssetetal2022/2015NU13_20210114.csv,2021-01-14T09:37:20,2021-01-14T10:09:38,21,2510.43,08 14 21.3,-14 38 10,1.31,0.058,1.03,14.7,35,sL102-1081 sL105-56 sL93-101 sL98-978
,2015 OL35,,marssetetal2022/2015OL35_20151005.csv,2015-10-05T13:50:01,2015-10-05T15:14:54,21,2510.43,06 28 35.5,06 05 10,1.196,0.263,1.053,17.7,71.2,-
,2015 OX78,,marssetetal2022/2015OX78_20200121.csv,2020-01-21T11:17:48,2020-01-21T11:50:21,21,2510.43,07 22 07.1,19 44 08,1.079,0.147,1.128,16.8,10,sL102-1081 sL105-56 sL98-978
,2015 QT9,,marssetetal2022/2015QT9_20190318.csv,2019-03-18T10:36:47,2019-03-18T11:13:37,20,2390.89,11 20 46.3,18 47 36,1.011,0.171,1.158,17.9,16.2,sLand102-1081 sLand105-56 sLand110-361
,2015 RF36,,marssetetal2022/2015RF36_20150922.csv,2015-09-22T09:07:58,2015-09-22T09:45:06,19,2271.35,00 12 46.7,12 51 16,1.073,0.043,1.046,17.5,13.5,-
,2015 SV2,,marssetetal2022/2015SV2_20151212.csv,2015-12-12T10:40:51,2015-12-12T11:36:22,20,2390.89,06 22 39.1,48 46 41,1.156,0.103,1.076,17.2,26.3,sHYA64 sL102-1081 sL115-271 sL98-978
,2015 SY,,marssetetal2022/2015SY_20150922.csv,2015-09-22T09:55:33,2015-09-22T10:42:06,17,2032.26,01 10 49.0,10 28 43,1.1,0.058,1.058,18.3,20.9,-
,2015 SZ,,marssetetal2022/2015SZ_20151005.csv,2015-10-05T08:59:19,2015-10-05T09:55:08,19,2271.35,01 47 13.2,17 14 47,1.179,0.052,1.049,18.2,19.1,-
,2015 TA25,,marssetetal2022/2015TA25_20151110.csv,2015-11-10T07:51:52,2015-11-10T08:47:52,21,2510.43,01 24 57.3,27 03 01,1.021,0.257,1.23,18.5,19,sHYA64 sL113-271 sL98-978
,2015 WH9,,marssetetal2022/2015WH9_20160211.csv,2016-02-11T09:51:24,2016-02-11T10:26:25,20,2390.89,08 08 34.2,56 39 36,1.262,0.402,1.3,18.6,32.9,-
,2015 XB379,,marssetetal2022/2015XB379_20160312.csv,2016-03-12T06:53:28,2016-03-12T07:30:18,21,2510.43,09 26 30.5,36 07 58,1.115,0.208,1.153,17.5,36.4,sHYA64 sL1021081 sL98978
,2016 AZ8,,marssetetal2022/2016AZ8_20190125.csv,2019-01-25T13:07:23,2019-01-25T13:44:12,20,2390.89,09 39 05.6,52 54 31,1.247,0.101,1.068,17.7,33.3,sLand102-1081 sLand105-56 sLand98-978
,2016 CL136,,marssetetal2022/2016CL136_20210207.csv,2021-02-07T12:00:26,2021-02-07T12:23:22,22,2629.98,07 41 33.0,17 11 56,1.394,0.068,1.049,16.7,23.1,sL102-1081 sL105-56 sL107-684
,2016 CO247,,marssetetal2022/2016CO247_20210108.csv,2021-01-08T13:51:21,2021-01-08T14:20:50,22,1977.58,10 27 23.6,23 06 21,1.003,0.055,1.023,15.9,41.6,-
,2016 ED85,,marssetetal2022/2016ED85_20200908.csv,2020-09-08T12:55:38,2020-09-08T13:33:17,21,2510.43,02 01 46.0,10 01 31,1.017,0.368,1.291,17.5,34,sL112-1333 sL93-101 sLHya64
,2016 ES155,,marssetetal2022/2016ES155_20160315.csv,2016-03-15T08:06:59,2016-03-15T09:02:54,21,2510.43,10 53 39.8,-03 35 46,1.198,0.033,1.026,17.7,12.4,s98978 sHYA64 sL1020181
,2016 GU,,marssetetal2022/2016GU_20160410.csv,2016-04-10T12:13:37,2016-04-10T12:31:53,18,2151.8,14 36 34.1,-27 22 17,1.48,0.0088,1.01,16.6,26,sL107998 sL110361
,2016 LG,,marssetetal2022/2016LG_20160606.csv,2016-06-06T06:26:45,2016-06-06T06:45:01,18,2151.8,15 16 09.9,27 18 25,1.162,0.0076,1.019,16.8,55.7,sL10556 sL110361
,2016 LV,,marssetetal2022/2016LV_20160606.csv,2016-06-06T10:05:39,2016-06-06T10:23:54,18,2151.8,18 19 26.0,-13 24 05,1.317,0.028,1.041,16.5,20.7,sL10556 sL110361
,2016 LX48,,marssetetal2022/2016LX48_20160929.csv,2016-09-29T08:35:39,2016-09-29T09:12:29,20,2390.89,00 27 21.3,44 49 57,1.186,0.113,1.088,16.4,38.3,sL110361 sL115271 sL93101
,2016 NA1,,marssetetal2022/2016NA1_20160815.csv,2016-08-15T12:18:57,2016-08-15T12:46:48,19,2271.35,22 55 05.2,24 19 16,1.016,0.076,1.07,18.1,39.4,sL113276 sL93101 sL93101
,2016 NL15,,marssetetal2022/2016NL15_20170103.csv,2017-01-03T09:57:22,2017-01-03T10:34:29,20,2390.89,05 39 32.6,37 56 24,1.07,0.149,1.123,17.5,19.5,s1021081 s93101 s98978 sHYA64
,2016 NV38,,marssetetal2022/2016NV38_20200908.csv,2020-09-08T13:37:49,2020-09-08T13:56:05,21,2510.43,01 46 23.6,21 49 29,1.015,0.211,1.161,17.1,39.6,sL112-1333 sL93-101 sLHya64
,2016 PR8,,marssetetal2022/2016PR8_20170103.csv,2017-01-03T14:21:50,2017-01-03T14:54:06,19,2271.35,10 58 51.1,27 06 37,1.008,0.267,1.159,17.9,43.6,s1021081 s93101 s98978 sHYA64
,2016 UE101,,marssetetal2022/2016UE101_20170103.csv,2017-01-03T11:54:23,2017-01-03T12:52:03,21,2510.43,07 20 04.6,53 10 22,1.228,0.148,1.113,18.3,26.7,s1021081 s93101 s98978 sHYA64
,2016 UU80,,marssetetal2022/2016UU80_20170205.csv,2017-02-05T10:36:06,2017-02-05T11:46:05,20,2390.89,07 21 16.4,10 13 46,1.148,0.115,1.088,17.8,25.7,s1021081 s98978
,2016 XH1,,marssetetal2022/2016XH1_20161224.csv,2016-12-24T11:48:36,2016-12-24T12:25:31,19,2271.35,07 03 04.3,06 37 47,1.039,0.115,1.092,16.7,18.4,s1021081 s98978 sHYA64
,2016 YK,,marssetetal2022/2016YK_20170103.csv,2017-01-03T09:04:28,2017-01-03T09:50:50,18,2151.8,05 32 12.1,58 50 18,1.283,0.044,1.018,18.4,37.3,s1021081 s93101 s98978 sHYA64
,2016 YM,,marssetetal2022/2016YM_20201207.csv,2020-12-07T09:35:12,2020-12-07T10:13:24,19,2271.35,04 35 12.5,55 17 54,1.231,0.068,1.043,17.6,31,sHYA64 sL93101 sL98-978
,2017 AE5,,marssetetal2022/2017AE5_20200121.csv,2020-01-21T11:56:22,2020-01-21T12:33:22,20,2390.89,10 07 58.5,46 35 50,1.127,0.067,1.039,17.9,33.4,sL102-1081 sL105-56 sL98-978
,2017 AE5,,marssetetal2022/2017AE5_20200128.csv,2020-01-28T14:53:24,2020-01-28T15:20:59,20,2390.89,13 12 15.6,52 24 56,1.186,0.04,1.004,17.5,59.8,sL102-1081 sL102-1081 sL105-56
,2017 BM123,,marssetetal2022/2017BM123_20200227.csv,2020-02-27T11:10:17,2020-02-27T11:48:58,22,2629.98,10 47 45.5,40 42 28,1.074,0.03,1.016,17.5,31.1,sL102-1081 sL105-56 sL107-684
,2017 BQ93,,marssetetal2022/2017BQ93_20210111.csv,2021-01-11T05:30:51,2021-01-11T06:23:55,21,2510.43,02 00 17.8,04 38 30,1.044,0.107,1.005,18.1,75.2,sHyades64 sL93-101
,2017 CR32,,marssetetal2022/2017CR32_20170326.csv,2017-03-26T09:00:41,2017-03-26T09:56:45,21,2510.43,12 09 25.2,-07 31 50,1.193,0.073,1.071,17.1,5.5,sL102-1081 sL105-56 sL98-978
,2017 CS,,marssetetal2022/2017CS_20170523.csv,2017-05-23T05:24:28,2017-05-23T06:19:55,19,2271.35,10 32 21.5,07 25 03,1.035,0.039,1.017,15.4,82.9,sL1021081
,2017 DA36,,marssetetal2022/2017DA36_20170306.csv,2017-03-06T07:57:23,2017-03-06T08:34:19,20,2390.89,08 25 03.9,09 13 47,1.018,0.022,1.009,18.4,39.2,s98978 sHYA64
,2017 MB1,,marssetetal2022/2017MB1_20170706.csv,2017-07-06T12:33:37,2017-07-06T13:10:37,20,2390.89,20 59 42.4,-03 13 36,1.087,0.231,1.214,17.3,28.2,sL110-361 sL113-276
,2017 MC4,,marssetetal2022/2017MC4_20170706.csv,2017-07-06T11:06:18,2017-07-06T12:09:26,20,2390.89,19 01 58.6,-06 59 27,1.138,0.059,1.073,16.8,14.8,sL110-361 sL113-276
,2017 RL,,marssetetal2022/2017RL_20170918.csv,2017-09-18T14:32:46,2017-09-18T15:37:45,18,2151.8,03 36 22.3,55 26 55,1.234,0.235,1.093,17.8,62.2,sL93101 sL93101
,2017 RR15,,marssetetal2022/2017RR15_20171016.csv,2017-10-16T07:09:05,2017-10-16T08:21:14,21,2510.43,00 29 24.0,34 19 40,1.165,0.126,1.109,17.5,25.2,sHYA64 sL112-1333 sL115-271 sL93-101 sL98978
,2017 VC,,marssetetal2022/2017VC_20171111.csv,2017-11-11T06:09:31,2017-11-11T06:46:58,19,2271.35,22 59 42.3,29 14 53,1.014,0.025,1.004,17.3,55.9,sHYA64 sL113-276 sL93-101 sL98-978
,2017 YE5,,marssetetal2022/2017YE5_20180621.csv,2018-06-21T13:50:33,2018-06-21T14:27:59,20,2390.89,00 00 34.6,39 26 43,1.28,0.04,1.006,16,103.3,sL112-1333 sL113-276 sL115-271
,2017 YE5,,marssetetal2022/2017YE5_20180623.csv,2018-06-23T12:23:20,2018-06-23T13:00:12,20,2390.89,22 45 00.0,21 40 12,1.252,0.042,1.023,15.2,79.2,sL105-56 sL107-684 sL110-361 sL113-276 sL115-271
,2018 BP,,marssetetal2022/2018BP_20191230.csv,2019-12-30T13:00:47,2019-12-30T13:45:56,19,2271.35,08 42 02.5,-05 24 35,1.116,0.164,1.111,18.5,36.3,sL102-1081 sL98-978
,2018 EJ4,,marssetetal2022/2018EJ4_20180520.csv,2018-05-20T09:30:36,2018-05-20T10:08:23,20,2390.89,15 17 41.6,45 33 45,1.112,0.077,1.046,18.1,62,sL102-1081 sL105-56 sL107-684 sL110-361
,2018 JA,,marssetetal2022/2018JA_20180520.csv,2018-05-20T06:53:18,2018-05-20T07:30:10,19,2271.35,12 43 34.0,56 09 02,1.243,0.088,1.023,18,80.3,sL102-1081 sL105-56 sL107-684 sL110-361
,2018 KE3,,marssetetal2022/2018KE3_20180909.csv,2018-09-09T07:01:59,2018-09-09T07:51:20,20,2390.89,22 19 55.3,11 59 39,1.239,0.261,1.254,17.8,17,sL110-361 sL110-361 sL112-1333 sL93-101
,2018 LQ2,,marssetetal2022/2018LQ2_20180903.csv,2018-09-03T09:15:56,2018-09-03T10:12:05,20,2390.89,22 05 44.9,18 28 26,1.005,0.025,1.031,18.1,27.5,sL107-998 sL113-276
,2018 MM8,,marssetetal2022/2018MM8_20180813.csv,2018-08-13T13:13:57,2018-08-13T13:51:01,20,2390.89,00 05 10.3,20 26 58,1.002,0.238,1.176,18.1,42.4,sL113-276
,2018 NB,,marssetetal2022/2018NB_20180715.csv,2018-07-15T12:57:01,2018-07-15T13:15:16,19,2271.35,21 32 13.1,-11 19 34,1.182,0.09,1.096,15.5,26.7,sL112-1333
,2018 PP10,,marssetetal2022/2018PP10_20210207.csv,2021-02-07T13:55:27,2021-02-07T14:32:20,21,2510.43,11 50 26.8,44 55 07,1.126,0.096,1.059,17.6,39.4,sL102-1081 sL105-56 sL107-684
,2018 QN1,,marssetetal2022/2018QN1_20181203.csv,2018-12-03T12:12:54,2018-12-03T12:49:43,20,2390.89,04 44 54.9,29 42 47,1.128,0.13,1.115,17.7,6.9,sHya64 sL102-1081 sL98-978
,2018 QU1,,marssetetal2022/2018QU1_20180909.csv,2018-09-09T08:56:27,2018-09-09T09:42:58,20,2390.89,22 39 46.5,41 21 37,1.095,0.031,1.029,17,45.1,sL110-361 sL110-361 sL112-1333 sL93-101
,2018 QV1,,marssetetal2022/2018QV1_20180909.csv,2018-09-09T09:49:50,2018-09-09T10:43:09,20,2390.89,22 28 30.6,-08 24 53,1.136,0.23,1.234,18,8.7,sL110-361 sL110-361 sL112-1333 sL93-101
,2018 RC,,marssetetal2022/2018RC_20180909.csv,2018-09-09T08:13:31,2018-09-09T08:31:14,19,466.59,20 46 29.7,-29 32 32,1.526,0.0016,1.009,12.5,38.6,sL110-361 sL110-361 sL112-1333 sL93-101
,2018 TT1,,marssetetal2022/2018TT1_20181107.csv,2018-11-07T14:14:35,2018-11-07T14:51:34,19,2271.35,05 30 09.3,41 55 03,1.141,0.175,1.126,16.6,36.7,sHya64
,2018 UQ1,,marssetetal2022/2018UQ1_20181107.csv,2018-11-07T13:13:22,2018-11-07T13:47:19,19,1707.91,03 51 43.4,36 52 40,1.182,0.052,1.038,16.8,23.5,sHya64 sLand98-978
,2018 WD2,,marssetetal2022/2018WD2_20181203.csv,2018-12-03T10:54:20,2018-12-03T11:31:14,20,2390.89,04 20 07.2,22 21 16,1.034,0.011,0.997,16.8,5,sHya64 sL102-1081 sL98-978
,2018 WX1,,marssetetal2022/2018WX1_20181203.csv,2018-12-03T11:33:18,2018-12-03T12:10:07,20,2390.89,04 36 46.9,19 30 51,1.06,0.024,1.01,16.3,2.2,sHya64 sL102-1081 sL98-978
,2018 XG5,,marssetetal2022/2018XG5_20190508.csv,2019-05-08T07:57:28,2019-05-08T08:34:21,20,2390.89,12 35 37.3,25 39 14,1.005,0.08,1.057,16.7,51.7,sL102-1081 sL105-56 sL107-684 sL110-361
,2019 AN5,,marssetetal2022/2019AN5_20200818.csv,2020-08-18T12:05:17,2020-08-18T12:52:29,20,2390.89,00 48 45.6,36 49 39,1.093,0.059,1.039,17.2,61.7,sHyades64 sL112-1333 sL93-101 sL93-101 sL93-101
,2019 AP3,,marssetetal2022/2019AP3_20190321.csv,2019-03-21T12:17:56,2019-03-21T13:13:27,20,2390.89,13 13 56.7,06 40 09,1.04,0.164,1.152,17.9,16.6,sLand102-1081 sLand107-684 sLand110-361
,2019 BK,,marssetetal2022/2019BK_20190125.csv,2019-01-25T11:38:21,2019-01-25T12:15:17,19,2271.35,09 03 48.8,-04 46 40,1.11,0.155,1.126,18.3,22,sLand102-1081 sLand105-56 sLand98-978
,2019 CD5,,marssetetal2022/2019CD5_20190318.csv,2019-03-18T13:01:21,2019-03-18T13:38:10,20,2390.89,14 36 42.8,47 35 24,1.129,0.032,1.012,16.6,56.9,sLand102-1081 sLand105-56 sLand110-361
,2019 CH,,marssetetal2022/2019CH_20190331.csv,2019-03-31T10:27:38,2019-03-31T11:04:29,19,2271.35,12 28 07.4,-06 54 25,1.122,0.239,1.238,18.1,3,sLand102-1081 sLand105-56 sLand110-361
,2019 DN,,marssetetal2022/2019DN_20190318.csv,2019-03-18T12:03:59,2019-03-18T12:40:55,19,2271.35,13 29 31.5,-11 03 25,1.166,0.055,1.044,17.4,26,sLand102-1081 sLand105-56 sLand110-361
,2019 FU,,marssetetal2022/2019FU_20190408.csv,2019-04-08T05:30:26,2019-04-08T06:26:06,19,2271.35,08 13 46.4,26 06 42,1.006,0.017,1.005,17,75.8,sLand102-1081 sLand105-56 sLand98-978
,2019 GT3,,marssetetal2022/2019GT3_20190926.csv,2019-09-26T07:58:25,2019-09-26T09:12:01,20,2390.89,23 22 04.7,07 52 02,1.096,0.172,1.171,18.1,11.8,shya64 sL98-978
,2019 HC,,marssetetal2022/2019HC_20190508.csv,2019-05-08T12:04:04,2019-05-08T12:40:53,19,2271.35,16 10 30.1,25 48 45,1.015,0.259,1.204,16.3,37.2,sL102-1081 sL105-56 sL107-684 sL110-361
,2019 HC,,marssetetal2022/2019HC_20190522.csv,2019-05-22T09:10:01,2019-05-22T09:46:51,19,2271.35,16 24 47.4,42 32 47,1.163,0.377,1.229,17.4,47.3,sL102-1081 sL105-56
,2019 SH6,,marssetetal2022/2019SH6_20191230.csv,2019-12-30T14:57:41,2019-12-30T15:25:25,20,2390.89,10 10 23.5,05 21 01,1.068,0.112,1.052,17.2,49.5,sL102-1081 sL98-978
,2019 UC,,marssetetal2022/2019UC_20191025.csv,2019-10-25T07:58:27,2019-10-25T08:35:16,19,2271.35,00 52 33.0,-06 33 11,1.159,0.021,1.014,16.8,23.7,sL112-1333 sL93-101 sL93-101
,2019 YH2,,marssetetal2022/2019YH2_20191230.csv,2019-12-30T12:09:55,2019-12-30T12:54:19,20,2390.89,08 54 18.2,-18 16 01,1.281,0.03,1.002,17.5,51.7,sL102-1081 sL98-978
,2019 YP5,,marssetetal2022/2019YP5_20210207.csv,2021-02-07T13:25:17,2021-02-07T13:48:13,20,2390.89,11 55 20.4,-10 35 43,1.163,0.033,1.01,16.7,43.9,sL102-1081 sL105-56 sL107-684
,2020 DX,,marssetetal2022/2020DX_20200228.csv,2020-02-28T07:43:07,2020-02-28T08:39:46,19,2271.35,07 28 45.8,06 10 55,1.034,0.157,1.101,17.8,42,sL102-1081 sL98-978 sLHya64
,2020 ME1,,marssetetal2022/2020ME1_20200627.csv,2020-06-27T05:58:44,2020-06-27T07:39:38,20,2390.89,13 40 38.3,-10 27 43,1.171,0.0083,1.02,17.9,65.1,sL105-56 sL107-684 sL107-684
,2020 PD1,,marssetetal2022/2020PD1_20201014.csv,2020-10-14T11:52:18,2020-10-14T12:15:14,20,2390.89,01 45 34.9,01 39 29,1.114,0.297,1.291,17.7,7.2,sHyades64 sHyades64 sL113-276 sL93-101
,2020 PM7,,marssetetal2022/2020PM7_20200928.csv,2020-09-28T08:59:18,2020-09-28T09:31:33,20,2390.89,23 59 33.5,-32 48 38,1.693,0.02,1.018,15.3,34.5,sHyades64 sL98-978 sLand113-276
,2020 PS,,marssetetal2022/2020PS_20200818.csv,2020-08-18T09:45:05,2020-08-18T10:50:01,19,2271.35,20 51 05.5,56 08 46,1.248,0.016,1.018,18,69.8,sHyades64 sL112-1333 sL93-101 sL93-101 sL93-101
,2020 PS,,marssetetal2022/2020PS_20200821.csv,2020-08-21T13:50:25,2020-08-21T14:39:55,19,2271.35,00 55 40.4,29 51 54,1.026,0.02,1.022,18.2,58,sHyades64 sL113-276 sL93-101 sL93-101
,2020 QW,,marssetetal2022/2020QW_20200821.csv,2020-08-21T11:46:15,2020-08-21T12:41:58,19,2271.35,22 26 29.2,-06 09 17,1.148,0.023,1.034,17.7,8.2,sHyades64 sL113-276 sL93-101 sL93-101
,2020 RB6,,marssetetal2022/2020RB6_20200921.csv,2020-09-21T11:01:08,2020-09-21T11:38:08,20,2390.89,00 58 09.9,33 35 52,1.03,0.021,1.021,18.4,35.9,sHya64 sL113-276 sL113-276 sL93-101
,2020 RC,,marssetetal2022/2020RC_20200908.csv,2020-09-08T09:57:18,2020-09-08T10:34:23,19,2271.35,20 15 04.5,22 20 43,1.222,0.038,1.032,16.8,48.4,sL112-1333 sL93-101 sLHya64
,2020 RF,,marssetetal2022/2020RF_20200921.csv,2020-09-21T14:39:38,2020-09-21T15:23:32,19,2271.35,04 30 05.7,-12 00 54,1.176,0.064,1.029,18.7,65.5,sHya64 sL113-276 sL113-276 sL93-101
,2020 RJ3,,marssetetal2022/2020RJ3_20200926.csv,2020-09-26T09:01:00,2020-09-26T10:01:09,20,2390.89,23 11 42.0,18 43 16,1.001,0.06,1.058,18.4,21.4,sHyades64 sLand113-276
,2020 RO6,,marssetetal2022/2020RO6_20210111.csv,2021-01-11T06:30:38,2021-01-11T07:26:15,20,2390.89,03 57 40.1,05 54 06,1.036,0.05,1.014,17.7,51.8,sHyades64 sL93-101
,2020 SN,,marssetetal2022/2020SN_20200926.csv,2020-09-26T12:15:11,2020-09-26T12:57:38,19,2271.35,01 04 41.3,35 31 08,1.079,0.025,1.023,18.3,35,sHyades64 sLand113-276
,2020 SS4,,marssetetal2022/2020SS4_20200928.csv,2020-09-28T13:01:22,2020-09-28T13:48:18,20,2390.89,03 56 47.7,-21 11 21,1.356,0.023,1.014,18.2,56.5,sHyades64 sL98-978 sLand113-276
,2020 ST1,,marssetetal2022/2020ST1_20201107.csv,2020-11-07T07:49:31,2020-11-07T08:38:07,20,2390.89,00 57 35.7,30 12 47,1.021,0.06,1.043,17.2,27.9,sL113-276 sL93-101 sL98-978 sL98-978
,2020 SY4,,marssetetal2022/2020SY4_20200928.csv,2020-09-28T11:57:23,2020-09-28T12:52:49,20,2390.89,03 49 40.8,38 58 52,1.116,0.0056,1.005,18.1,53,sHyades64 sL98-978 sLand113-276
,2020 TB12,,marssetetal2022/2020TB12_20210207.csv,2021-02-07T15:29:06,2021-02-07T16:05:59,21,2510.43,15 50 22.3,51 07 10,1.238,0.037,0.992,17.8,80.1,sL102-1081 sL105-56 sL107-684
,2020 TY1,,marssetetal2022/2020TY1_20201107.csv,2020-11-07T14:28:16,2020-11-07T15:14:52,20,2390.89,08 26 23.1,09 31 39,1.064,0.038,0.998,18.3,78.7,sL113-276 sL93-101 sL98-978 sL98-978
,2020 WK3,,marssetetal2022/2020WK3_20201207.csv,2020-12-07T11:18:39,2020-12-07T11:56:02,20,2390.89,05 57 52.4,-05 09 00,1.102,0.026,1.007,18.5,30.4,sHYA64 sL93101 sL98-978
,2020 WL3,,marssetetal2022/2020WL3_20210117.csv,2021-01-17T13:29:23,2021-01-17T14:24:58,20,2390.89,10 53 40.6,-19 14 11,1.286,0.275,1.151,18.1,46.9,sL102-1081 sL98-978
,2020 WM3,,marssetetal2022/2020WM3_20210208.csv,2021-02-08T11:54:43,2021-02-08T12:31:45,20,2390.89,10 31 36.8,-13 02 08,1.194,0.384,1.328,18.3,23.2,sL102-1081 sL105-56 sL107-684 sL98-978
,2020 WU5,,marssetetal2022/2020WU5_20210111.csv,2021-01-11T09:25:25,2021-01-11T09:48:20,20,2390.89,07 39 49.4,-00 38 04,1.125,0.062,1.041,13.8,21.5,sHyades64 sL93-101
,2020 WU5,,marssetetal2022/2020WU5_20210114.csv,2021-01-14T06:54:40,2021-01-14T07:12:39,20,1797.8,06 58 45.7,32 51 55,1.31,0.054,1.036,13.2,13.9,sL102-1081 sL105-56 sL93-101 sL98-978
,2020 XH1,,marssetetal2022/2020XH1_20201210.csv,2020-12-10T12:03:15,2020-12-10T12:21:32,20,2390.89,04 43 58.6,03 55 20,1.244,0.043,1.025,17,19.3,sL102-1081 sL102-1081
,2020 XU6,,marssetetal2022/2020XU6_20210208.csv,2021-02-08T09:57:33,2021-02-08T10:36:02,20,2390.89,07 55 43.1,-05 01 12,1.134,0.073,1.05,16.7,28.3,sL102-1081 sL105-56 sL107-684 sL98-978
,2021 CG,,marssetetal2022/2021CG_20210207.csv,2021-02-07T12:58:10,2021-02-07T13:21:05,19,2271.35,12 48 36.1,27 26 12,1.038,0.0089,0.992,17.6,46.3,sL102-1081 sL105-56 sL107-684
